名字,产地省份
半夏,"['北京', '天津', '河北', '山西', '辽宁', '吉林', '黑龙江', '上海', '江苏', '浙江', '安徽', '福建', '江西', '山东', '河南', '湖北', '湖南', '广东', '广西', '海南', '重庆', '四川', '贵州', '云南', '陕西', '甘肃', '青海', '宁夏', '台湾', '香港', '澳门', '北京', '天津', '河北', '山西', '内蒙古', '辽宁', '吉林', '黑龙江', '上海', '江苏', '浙江', '安徽', '福建', '江西', '山东', '河南', '湖北', '湖南', '广东', '广西', '海南', '重庆', '四川', '贵州', '云南', '西藏', '陕西', '甘肃', '青海', '宁夏', '新疆', '台湾', '香港', '澳门']"
鱼胆草,"['浙江', '安徽', '湖北', '湖南', '四川', '云南']"
路路通,"['上海', '江苏', '浙江', '安徽', '福建', '江西', '山东', '广东', '广西', '海南', '重庆', '四川', '贵州', '云南', '西藏']"
党参,"['湖北', '湖南', '四川', '贵州']"
胆木,"['湖南', '广东', '广西', '海南']"
山姜,"['浙江', '福建', '江西', '湖北', '湖南', '广东', '广西', '四川', '贵州', '台湾']"
藤黄,"['重庆', '四川', '贵州', '云南', '西藏']"
肉豆蔻,[]
山萸肉,"['山西', '山东', '陕西']"
萝藦,"['河南', '湖北', '湖南', '贵州', '陕西', '甘肃', '上海', '江苏', '浙江', '安徽', '福建', '江西', '山东', '北京', '天津', '河北', '山西', '内蒙古', '辽宁', '吉林', '黑龙江']"
乌桕子,"['江苏', '安徽', '江西', '山东', '广东', '广西']"
一点红,"['福建', '江西', '湖南', '广东', '广西', '贵州', '云南']"
醉鱼草,"['浙江', '湖南', '江西', '福建', '云南', '贵州', '四川', '重庆', '广西', '广东', '海南']"
铁苋,"['台湾', '广东', '广西', '海南', '重庆', '四川', '贵州', '云南', '西藏', '北京', '天津', '河北', '山西', '内蒙古', '辽宁', '吉林', '黑龙江']"
八角莲,"['浙江', '安徽', '福建', '江西', '湖北', '湖南', '广东', '广西', '四川', '贵州', '西藏', '陕西', '台湾']"
海马,[]
九节菖蒲,"['山西', '河南', '湖北', '陕西', '重庆', '四川', '贵州', '云南', '西藏']"
黄芪,"['河北', '内蒙古', '辽宁', '吉林', '黑龙江']"
防风草,"['广东', '广西', '贵州', '云南']"
豆蔻,['海南']
地稔根,['广东']
罗汉果,"['江西', '广东', '广西']"
血风藤,"['福建', '广东', '广西', '台湾']"
丁公藤,"['广东', '海南', '云南']"
东风橘,"['广东', '广西', '海南']"
楤木,[]
大飞扬草,"['福建', '广东', '广西']"
何首乌,"['江苏', '河南', '广东', '广西', '贵州']"
走马箭,"['江西', '广东', '广西']"
穿心莲,"['福建', '江西', '湖南', '广东', '广西', '四川']"
黄精,"['浙江', '陕西', '宁夏', '北京', '天津', '河北', '山西', '内蒙古', '辽宁', '吉林', '黑龙江']"
赤小豆,"['广东', '广西']"
方解石,"['河北', '江苏', '浙江', '安徽', '江西', '河南', '湖北', '湖南', '广东', '广西', '四川', '贵州', '西藏', '甘肃', '青海', '新疆']"
半枫荷,"['福建', '广东', '广西', '海南', '台湾']"
白花蛇舌草,"['广东', '广西', '海南']"
槟榔,"['福建', '广东', '广西', '海南', '台湾']"
草豆蔻,"['广东', '广西', '海南']"
布渣叶,"['广东', '广西', '海南', '云南']"
当归,"['四川', '贵州', '云南', '陕西', '甘肃', '青海', '宁夏']"
牡蛎,"['河北', '辽宁', '山东', '北京', '天津', '河北', '山西', '内蒙古', '辽宁', '吉林', '黑龙江', '上海', '江苏', '浙江', '安徽', '福建', '江西', '山东', '河南', '湖北', '湖南', '广东', '广西', '海南', '重庆', '四川', '贵州', '云南', '西藏', '陕西', '甘肃', '青海', '宁夏', '新疆', '台湾', '香港', '澳门']"
沉香,"['广东', '广西', '海南', '台湾']"
人参,"['辽宁', '吉林', '黑龙江']"
牛大力,[]
大风艾,"['福建', '广东', '广西', '海南', '贵州', '云南', '台湾']"
白鹤灵芝,"['福建', '广东', '广西']"
南板蓝根,"['福建', '广东', '四川']"
马齿苋,"['北京', '天津', '河北', '山西', '内蒙古', '辽宁', '吉林', '黑龙江', '上海', '江苏', '浙江', '安徽', '福建', '江西', '山东', '河南', '湖北', '湖南', '广东', '广西', '海南', '重庆', '四川', '贵州', '云南', '西藏', '陕西', '甘肃', '青海', '宁夏', '新疆', '台湾', '香港', '澳门']"
山大颜,"['重庆', '四川', '贵州', '云南', '西藏']"
丁香,[]
雷公藤,"['浙江', '福建', '广东', '台湾']"
榼藤子,"['福建', '广东', '广西', '海南', '云南', '台湾']"
降香,"['海南', '云南']"
海金沙,"['陕西', '甘肃', '浙江', '湖南', '江西', '福建', '云南', '贵州', '四川', '重庆', '广西', '广东', '海南']"
玉叶金花,"['浙江', '湖南', '江西', '福建', '云南', '贵州', '四川', '重庆', '广西', '广东', '海南']"
五味子,"['河北', '山西', '内蒙古', '辽宁', '吉林', '黑龙江', '陕西']"
岗梅根,"['福建', '湖南', '广东', '海南', '台湾']"
番石榴叶,"['广东', '广西', '海南']"
桉叶油,"['福建', '广东', '广西', '云南']"
木瓜,"['广东', '广西', '四川', '贵州']"
紫苏叶,"['北京', '天津', '河北', '山西', '内蒙古', '辽宁', '吉林', '黑龙江', '上海', '江苏', '浙江', '安徽', '福建', '江西', '山东', '河南', '湖北', '湖南', '广东', '广西', '海南', '重庆', '四川', '贵州', '云南', '西藏', '陕西', '甘肃', '青海', '宁夏', '新疆', '台湾', '香港', '澳门']"
扶芳藤,"['上海', '江苏', '浙江', '安徽', '福建', '江西', '山东', '广东', '广西', '海南', '重庆', '四川', '贵州', '云南', '西藏', '北京', '天津', '河北', '山西', '内蒙古']"
白屈菜,"['江苏', '山东', '辽宁', '吉林', '黑龙江']"
水翁花,[]
飞天蠄蟧,"['广东', '广西', '四川', '贵州']"
仙人掌,"['浙江', '福建', '江西', '广东', '广西', '海南', '重庆', '四川', '贵州', '云南', '西藏']"
吉祥草,"['重庆', '四川', '贵州', '云南', '西藏', '浙江', '湖南', '江西', '福建', '云南', '贵州', '四川', '重庆', '广西', '广东', '海南']"
四块瓦,"['浙江', '湖北', '湖南', '四川']"
臭牡丹,"['河北', '山西', '河南', '湖北', '湖南', '陕西']"
苏合香,[]
全蝎,"['河北', '辽宁', '江苏', '福建', '山东', '河南', '台湾']"
扶桑花,"['福建', '广东', '广西', '重庆', '四川', '贵州', '云南', '西藏']"
土大黄,"['河北', '江苏', '浙江', '安徽', '江西', '山东', '河南', '湖南']"
阿胶,[]
生姜,"['重庆', '四川', '贵州', '云南', '西藏']"
独脚金,"['福建', '广东', '广西', '海南']"
川续断,"['湖北', '四川', '贵州', '云南']"
土茯苓,"['福建', '广东', '广西', '海南']"
海风藤,"['浙江', '福建', '广东', '台湾']"
猪胆粉,[]
独一味,"['四川', '云南', '西藏', '甘肃', '青海']"
苦玄参,"['广西', '海南', '贵州', '云南']"
板蓝根,"['河北', '江苏', '安徽']"
凤眼草,"['北京', '天津', '河北', '山西', '内蒙古', '辽宁', '上海', '江苏', '浙江', '安徽', '福建', '江西', '山东', '河南', '湖北', '湖南', '广东', '广西', '重庆', '四川', '贵州', '云南', '西藏', '陕西', '台湾', '香港', '澳门']"
红药子,"['江西', '湖南', '广东', '广西', '四川']"
地榆,"['辽宁', '吉林', '黑龙江', '北京', '天津', '河北', '山西', '内蒙古', '辽宁', '吉林', '黑龙江', '上海', '江苏', '浙江', '安徽', '福建', '江西', '山东', '河南', '湖北', '湖南', '广东', '广西', '海南', '重庆', '四川', '贵州', '云南', '西藏', '陕西', '甘肃', '青海', '宁夏', '新疆', '台湾', '香港', '澳门']"
山胡椒,"['浙江', '安徽', '福建', '江西', '山东', '河南', '湖南', '广东', '广西', '四川', '云南', '台湾']"
红花龙胆,"['湖北', '四川', '贵州', '云南']"
甘草,"['内蒙古', '辽宁', '吉林', '黑龙江', '甘肃', '新疆']"
鼠尾草,"['江苏', '浙江', '安徽', '福建', '江西', '湖北', '广东', '广西', '台湾']"
太白花,"['内蒙古', '吉林', '黑龙江', '云南', '陕西', '甘肃', '新疆']"
澄茄子,"['浙江', '福建', '广西', '四川']"
豆豉姜,"['江苏', '浙江', '安徽', '广东', '广西', '海南']"
丹参,"['四川', '贵州', '甘肃']"
罗勒,"['广东', '广西', '四川', '云南']"
鸡骨香,"['福建', '广东', '广西']"
岩黄连,"['广西', '四川', '贵州', '云南', '西藏']"
穿山甲,"['福建', '广东', '广西', '海南', '云南', '台湾']"
海芋,"['福建', '湖南', '广东', '广西', '四川', '贵州', '台湾']"
粉葛,"['广东', '广西', '四川', '贵州', '云南']"
白苏子,"['上海', '江苏', '浙江', '安徽', '福建', '江西', '山东', '重庆', '四川', '贵州', '云南', '西藏']"
救必应,"['江苏', '浙江', '福建', '广东', '海南', '台湾']"
淫羊藿,"['四川', '贵州', '云南', '陕西']"
白芥子,"['山西', '辽宁', '山东', '四川', '云南', '新疆']"
片姜黄,"['江苏', '浙江', '福建', '广东', '广西', '四川', '云南']"
水飞蓟,"['北京', '江苏', '陕西']"
使君子,"['广东', '广西', '四川']"
青羊参,"['湖南', '广西', '西藏', '重庆', '四川', '贵州', '云南', '西藏']"
翠云草,"['浙江', '福建', '广东', '广西', '四川', '云南']"
粉萆薢,"['浙江', '安徽', '福建', '江西']"
雪上一枝蒿,"['四川', '云南', '陕西']"
鸡眼草,[]
问荆,"['河北', '安徽', '江西', '四川', '贵州', '陕西', '辽宁', '吉林', '黑龙江']"
马桑根,"['湖北', '广西', '四川', '贵州', '云南', '西藏', '陕西', '甘肃']"
白石英,"['江苏', '福建', '湖北', '广东', '陕西']"
苦石莲,"['广西', '四川', '云南']"
萝芙木,"['广东', '广西', '海南', '云南']"
龙葵,"['北京', '天津', '河北', '山西', '内蒙古', '辽宁', '吉林', '黑龙江', '上海', '江苏', '浙江', '安徽', '福建', '江西', '山东', '河南', '湖北', '湖南', '广东', '广西', '海南', '重庆', '四川', '贵州', '云南', '西藏', '陕西', '甘肃', '青海', '宁夏', '新疆', '台湾', '香港', '澳门']"
赤石脂,"['山西', '江苏', '福建', '山东', '河南', '湖北', '广东', '陕西']"
珠子参,"['湖北', '四川', '云南', '陕西', '甘肃']"
牛至,"['江苏', '浙江', '广东', '四川', '贵州', '云南', '甘肃', '新疆']"
石南藤,[]
毛诃子,['云南']
紫苏梗,[]
黄藤,"['广东', '广西', '云南']"
辟汗草,"['上海', '江苏', '浙江', '安徽', '福建', '江西', '山东', '重庆', '四川', '贵州', '云南', '西藏', '北京', '天津', '河北', '山西', '内蒙古', '辽宁', '吉林', '黑龙江']"
白兰花,"['江苏', '浙江', '安徽', '福建', '江西', '广东', '广西', '四川', '云南']"
华山参,"['山西', '河南', '陕西']"
石上柏,"['重庆', '四川', '贵州', '云南', '西藏']"
三分三,"['四川', '云南']"
忍冬藤,"['广东', '广西', '海南', '北京', '天津', '河北', '山西', '内蒙古', '辽宁', '吉林', '黑龙江']"
甘松,"['四川', '甘肃', '青海']"
竹节参,"['浙江', '安徽', '江西', '河南', '湖北', '广西', '四川', '贵州', '云南', '西藏', '陕西', '甘肃']"
草乌叶,"['河北', '内蒙古', '辽宁', '吉林', '黑龙江', '陕西']"
檵木叶,[]
佛甲草,"['江苏', '广东', '四川', '云南', '甘肃']"
龟甲,"['河北', '安徽', '山东', '河南', '湖北', '广东', '广西', '四川', '云南', '陕西', '台湾']"
无根藤,"['浙江', '福建', '江西', '湖南', '广东', '广西', '海南', '贵州', '云南', '台湾']"
广东刘寄奴,"['广东', '广西', '海南', '上海', '江苏', '浙江', '安徽', '福建', '江西', '山东', '重庆', '四川', '贵州', '云南', '西藏']"
马蹄金,"['江苏', '浙江', '福建', '江西', '湖北', '湖南', '广东', '广西', '四川', '贵州', '云南', '台湾']"
胆矾,"['山西', '江西', '湖南', '广东', '四川', '贵州', '云南', '陕西']"
缬草,"['河北', '山东', '湖北', '湖南', '辽宁', '吉林', '黑龙江']"
辣椒,[]
燕窝,[]
鸡内金,"['北京', '天津', '河北', '山西', '内蒙古', '辽宁', '吉林', '黑龙江', '上海', '江苏', '浙江', '安徽', '福建', '江西', '山东', '河南', '湖北', '湖南', '广东', '广西', '海南', '重庆', '四川', '贵州', '云南', '西藏', '陕西', '甘肃', '青海', '宁夏', '新疆', '台湾', '香港', '澳门']"
金丝草,"['内蒙古', '陕西', '甘肃', '青海', '宁夏', '新疆']"
芫荽子,"['北京', '天津', '河北', '山西', '内蒙古', '辽宁', '吉林', '黑龙江', '上海', '江苏', '浙江', '安徽', '福建', '江西', '山东', '河南', '湖北', '湖南', '广东', '广西', '海南', '重庆', '四川', '贵州', '云南', '西藏', '陕西', '甘肃', '青海', '宁夏', '新疆', '台湾', '香港', '澳门']"
土贝母,"['河北', '山西', '辽宁', '山东', '河南', '云南', '陕西', '甘肃']"
沙苑子,"['山西', '内蒙古', '陕西']"
大青盐,"['内蒙古', '安徽', '山东', '云南', '西藏', '陕西', '甘肃', '青海', '新疆']"
贯叶金丝桃,"['河北', '江苏', '江西', '山东', '河南', '湖北', '湖南', '四川', '贵州', '陕西', '甘肃', '新疆']"
紫石英,"['辽宁', '黑龙江', '江苏', '浙江', '湖北', '湖南', '广东', '甘肃']"
天山雪莲,['新疆']
绵马贯众,"['内蒙古', '辽宁', '吉林']"
黑种草子,"['云南', '西藏', '新疆']"
凤眼果,"['福建', '广东', '广西', '云南', '台湾']"
杜仲叶,"['浙江', '河南', '湖北', '湖南', '四川', '贵州', '云南', '陕西', '甘肃']"
蜘蛛香,"['河南', '湖北', '四川', '贵州', '云南']"
蓝布正,"['江苏', '浙江', '安徽', '福建', '江西', '山东', '河南', '湖北', '湖南', '广东', '广西', '四川', '贵州', '云南', '西藏', '陕西', '甘肃', '新疆', '重庆', '四川', '贵州', '云南', '西藏', '北京', '天津', '河北', '山西', '内蒙古', '辽宁', '吉林', '黑龙江']"
灯盏细辛,"['湖北', '湖南', '广西', '四川', '贵州', '云南', '西藏']"
金铁锁,"['四川', '贵州', '云南', '西藏']"
莲子心,"['河北', '山西', '辽宁', '福建', '山东', '河南', '湖南', '陕西', '甘肃', '浙江', '湖南', '江西', '福建', '云南', '贵州', '四川', '重庆', '广西', '广东', '海南']"
巫山淫羊藿,"['湖北', '广西', '四川', '贵州']"
阿魏,['新疆']
青叶胆,['云南']
西青果,"['广东', '广西', '海南', '云南']"
关黄柏,"['江苏', '浙江', '山东', '北京', '天津', '河北', '山西', '内蒙古', '辽宁', '吉林', '黑龙江']"
龙涎香,['台湾']
山麦冬,"['北京', '天津', '河北', '山西', '辽宁', '吉林', '黑龙江', '上海', '海南', '重庆', '云南', '陕西', '甘肃', '宁夏', '香港', '澳门', '辽宁', '吉林', '黑龙江', '北京', '天津', '河北', '山西', '内蒙古', '辽宁', '吉林', '黑龙江', '上海', '江苏', '浙江', '安徽', '福建', '江西', '山东', '河南', '湖北', '湖南', '广东', '广西', '海南', '重庆', '四川', '贵州', '云南', '西藏', '陕西', '甘肃', '青海', '宁夏', '新疆', '台湾', '香港', '澳门']"
相思子,"['福建', '广东', '广西', '云南', '台湾']"
白药子,"['江苏', '浙江', '安徽', '福建', '江西', '湖南', '广东', '广西', '贵州', '台湾']"
红粉,"['河北', '江苏', '湖北', '湖南']"
翼首草,"['四川', '云南', '西藏', '青海']"
铁皮石斛,"['浙江', '安徽', '福建', '广西', '四川', '云南']"
三棵针,"['湖北', '四川', '陕西', '甘肃']"
橘核,"['江苏', '浙江', '安徽', '江西', '湖北', '湖南', '广东', '广西', '海南', '四川', '贵州', '云南', '台湾']"
白首乌,"['河北', '江苏', '山东', '四川', '贵州', '云南', '陕西', '甘肃', '台湾', '上海', '江苏', '浙江', '安徽', '福建', '江西', '山东']"
柴胡,"['安徽', '湖北', '四川']"
猫爪草,"['江苏', '浙江', '河南', '湖北']"
莲房,[]
穿破石,"['浙江', '安徽', '福建', '江西', '湖北', '湖南', '广东', '广西', '海南', '四川', '贵州', '云南']"
九龙藤,"['浙江', '福建', '江西', '湖北', '湖南', '广东', '广西', '贵州', '台湾']"
八角枫,[]
三棱,"['辽宁', '吉林', '黑龙江']"
土木香,"['辽宁', '吉林', '黑龙江']"
北豆根,"['河北', '内蒙古', '辽宁', '吉林', '黑龙江']"
西洋参,"['陕西', '北京', '天津', '河北', '山西', '内蒙古', '辽宁', '吉林', '黑龙江']"
金银花,"['北京', '天津', '河北', '山西', '内蒙古', '辽宁', '吉林', '黑龙江', '上海', '江苏', '浙江', '安徽', '福建', '江西', '山东', '河南', '湖北', '湖南', '广东', '广西', '海南', '重庆', '四川', '贵州', '云南', '西藏', '陕西', '甘肃', '青海', '宁夏', '新疆', '台湾', '香港', '澳门']"
狗肾,"['江苏', '广东', '广西', '北京', '天津', '河北', '山西', '内蒙古', '辽宁', '吉林', '黑龙江', '上海', '江苏', '浙江', '安徽', '福建', '江西', '山东', '河南', '湖北', '湖南', '广东', '广西', '海南', '重庆', '四川', '贵州', '云南', '西藏', '陕西', '甘肃', '青海', '宁夏', '新疆', '台湾', '香港', '澳门']"
三七,"['广西', '四川', '云南']"
干姜,[]
白头翁,"['河北', '内蒙古', '辽宁', '吉林', '黑龙江']"
土党参,"['广东', '广西', '贵州', '云南']"
玄参,"['河北', '内蒙古', '辽宁', '吉林', '黑龙江']"
鸡蛋花,"['福建', '广东', '广西', '海南', '云南']"
大黄,"['湖北', '四川', '贵州', '云南']"
千日红,[]
夏天无,"['江苏', '浙江', '安徽', '江西']"
岩参,"['云南', '重庆', '四川', '贵州', '云南', '西藏']"
白石花,"['河北', '河南', '广西', '贵州', '云南', '西藏', '陕西', '台湾', '上海', '江苏', '浙江', '安徽', '福建', '江西', '山东']"
寄生黄,"['湖北', '湖南', '西藏', '陕西', '重庆', '四川', '贵州', '云南', '西藏']"
透骨香,['陕西']
冬葵子,[]
紫草茸,"['广东', '四川', '云南', '台湾']"
峨参,"['河北', '山西', '内蒙古', '辽宁', '江苏', '浙江', '安徽', '江西', '河南', '湖北', '湖南', '四川', '云南', '陕西', '甘肃', '新疆']"
灵香草,"['广东', '广西', '云南']"
臭灵丹草,"['湖北', '广西', '四川', '贵州', '云南', '重庆', '四川', '贵州', '云南', '西藏']"
两头尖,"['辽宁', '吉林', '黑龙江', '山东']"
太白参,"['四川', '陕西', '甘肃']"
龙骨,"['河北', '山西', '内蒙古', '河南', '湖北', '四川', '陕西', '甘肃']"
爬山虎,"['上海', '江苏', '浙江', '安徽', '福建', '江西', '山东', '重庆', '四川', '贵州', '云南', '西藏', '北京', '天津', '河北', '山西', '内蒙古']"
桃枝,"['北京', '天津', '河北', '山西', '内蒙古', '辽宁', '吉林', '黑龙江', '上海', '江苏', '浙江', '安徽', '福建', '江西', '山东', '河南', '湖北', '湖南', '广东', '广西', '海南', '重庆', '四川', '贵州', '云南', '西藏', '陕西', '甘肃', '青海', '宁夏', '新疆', '台湾', '香港', '澳门']"
硇砂,"['甘肃', '青海', '新疆']"
海参,"['河北', '辽宁', '山东', '海南']"
藿香,"['河北', '辽宁', '吉林', '黑龙江']"
盘龙七,['陕西']
紫梢花,"['江苏', '山东', '河南']"
臭梧桐,"['上海', '江苏', '浙江', '安徽', '福建', '江西', '山东', '重庆', '四川', '贵州', '云南', '西藏', '北京', '天津', '河北', '山西', '内蒙古']"
六月寒,"['河北', '山西', '江西', '湖北', '四川', '云南', '陕西', '甘肃']"
六棱菊,"['重庆', '四川', '贵州', '云南', '西藏']"
岩椒草,"['浙江', '安徽', '福建', '江西', '湖北', '湖南', '广东', '广西', '台湾', '重庆', '四川', '贵州', '云南', '西藏']"
凤凰衣,"['北京', '天津', '河北', '山西', '内蒙古', '辽宁', '吉林', '黑龙江', '上海', '江苏', '浙江', '安徽', '福建', '江西', '山东', '河南', '湖北', '湖南', '广东', '广西', '海南', '重庆', '四川', '贵州', '云南', '西藏', '陕西', '甘肃', '青海', '宁夏', '新疆', '台湾', '香港', '澳门']"
透骨草,"['山西', '江苏', '安徽', '山东', '河南', '湖北', '湖南', '四川', '陕西', '甘肃', '宁夏', '北京', '天津', '河北', '山西', '内蒙古', '辽宁', '吉林', '黑龙江']"
太白米,"['四川', '西藏', '陕西', '甘肃']"
椒目,"['河北', '山西', '江苏', '河南', '广东', '四川', '陕西', '辽宁', '吉林', '黑龙江']"
紫贝齿,"['福建', '海南', '台湾']"
槐枝,"['北京', '天津', '河北', '山西', '内蒙古', '辽宁', '吉林', '黑龙江', '上海', '江苏', '浙江', '安徽', '福建', '江西', '山东', '河南', '湖北', '湖南', '广东', '广西', '海南', '重庆', '四川', '贵州', '云南', '西藏', '陕西', '甘肃', '青海', '宁夏', '新疆', '台湾', '香港', '澳门']"
硼砂,"['四川', '云南', '西藏', '陕西', '青海', '新疆']"
阴香皮,"['福建', '广东', '广西', '海南', '云南']"
桂皮,"['江苏', '浙江', '安徽', '福建', '江西', '四川', '贵州', '陕西', '台湾']"
玄明粉,"['天津', '河北', '山西', '江苏', '安徽', '山东', '河南']"
红曲,"['河北', '浙江', '福建', '江西', '广东', '台湾']"
双参,"['四川', '云南']"
黑豆,"['北京', '天津', '河北', '山西', '内蒙古', '辽宁', '吉林', '黑龙江', '上海', '江苏', '浙江', '安徽', '福建', '江西', '山东', '河南', '湖北', '湖南', '广东', '广西', '重庆', '四川', '贵州', '云南', '西藏', '陕西', '甘肃', '宁夏', '台湾', '香港', '澳门', '北京', '天津', '河北', '山西', '内蒙古', '辽宁', '吉林', '黑龙江', '上海', '江苏', '浙江', '安徽', '福建', '江西', '山东', '河南', '湖北', '湖南', '广东', '广西', '海南', '重庆', '四川', '贵州', '云南', '西藏', '陕西', '甘肃', '青海', '宁夏', '新疆', '台湾', '香港', '澳门']"
一支箭,"['安徽', '福建', '江西', '广东', '四川', '贵州', '云南', '台湾']"
虻虫,"['上海', '江苏', '浙江', '安徽', '福建', '江西', '山东', '北京', '天津', '河北', '山西', '内蒙古', '辽宁', '吉林', '黑龙江', '北京', '天津', '河北', '山西', '内蒙古', '辽宁', '吉林', '黑龙江', '上海', '江苏', '浙江', '安徽', '福建', '江西', '山东', '河南', '湖北', '湖南', '广东', '广西', '海南', '重庆', '四川', '贵州', '云南', '西藏', '陕西', '甘肃', '青海', '宁夏', '新疆', '台湾', '香港', '澳门']"
桑枝,"['北京', '天津', '河北', '山西', '内蒙古', '辽宁', '吉林', '黑龙江', '上海', '江苏', '浙江', '安徽', '福建', '江西', '山东', '河南', '湖北', '湖南', '广东', '广西', '海南', '重庆', '四川', '贵州', '云南', '西藏', '陕西', '甘肃', '青海', '宁夏', '新疆', '台湾', '香港', '澳门']"
海浮石,"['辽宁', '浙江', '福建', '山东', '广东']"
茯神,"['吉林', '浙江', '安徽', '福建', '河南', '湖北', '广西', '四川', '贵州', '云南', '台湾']"
春不见,"['山西', '浙江', '湖北', '四川', '云南', '陕西']"
瓜蒌,"['河北', '山东', '河南']"
八楞木,"['北京', '天津', '河北', '山西', '内蒙古', '辽宁', '吉林', '黑龙江', '上海', '江苏', '浙江', '安徽', '福建', '江西', '山东', '河南', '湖北', '湖南', '广东', '广西', '海南', '重庆', '四川', '贵州', '云南', '西藏', '陕西', '甘肃', '青海', '宁夏', '新疆', '台湾', '香港', '澳门']"
暴马丁香,"['北京', '天津', '河北', '山西', '内蒙古', '辽宁', '吉林', '黑龙江']"
一点血,['四川']
七叶莲,"['广东', '广西', '海南', '台湾']"
石吊兰,"['浙江', '安徽', '福建', '江西', '湖北', '湖南', '广东', '广西', '四川', '贵州', '云南', '陕西', '台湾']"
当药,"['河北', '山西', '内蒙古', '山东', '陕西', '宁夏']"
杜仲,"['四川', '陕西', '甘肃']"
红参,"['辽宁', '吉林', '黑龙江']"
熟地黄,"['河南', '北京', '天津', '河北', '山西', '内蒙古', '辽宁', '吉林', '黑龙江', '上海', '江苏', '浙江', '安徽', '福建', '江西', '山东', '河南', '湖北', '湖南', '广东', '广西', '海南', '重庆', '四川', '贵州', '云南', '西藏', '陕西', '甘肃', '青海', '宁夏', '新疆', '台湾', '香港', '澳门']"
炙黄芪,"['北京', '天津', '河北', '山西', '内蒙古', '辽宁', '吉林', '黑龙江', '上海', '江苏', '浙江', '安徽', '福建', '江西', '山东', '河南', '湖北', '湖南', '广东', '广西', '海南', '重庆', '四川', '贵州', '云南', '西藏', '陕西', '甘肃', '青海', '宁夏', '新疆', '台湾', '香港', '澳门']"
炙甘草,"['四川', '甘肃', '新疆', '北京', '天津', '河北', '山西', '内蒙古', '辽宁', '吉林', '黑龙江', '上海', '江苏', '浙江', '安徽', '福建', '江西', '山东', '河南', '湖北', '湖南', '广东', '广西', '海南', '重庆', '四川', '贵州', '云南', '西藏', '陕西', '甘肃', '青海', '宁夏', '新疆', '台湾', '香港', '澳门']"
天南星,"['山东', '辽宁', '吉林', '黑龙江']"
赭石,"['河北', '山西', '山东', '河南', '湖南', '广东', '四川']"
青礞石,"['江苏', '浙江', '河南', '湖北', '湖南', '四川']"
磁石,"['河北', '辽宁', '江苏', '安徽', '福建', '山东', '河南', '广东', '广西', '四川', '云南']"
滑石,"['山西', '辽宁', '江苏', '浙江', '江西', '山东', '陕西']"
琥珀,"['辽宁', '广西', '云南']"
硫黄,"['山西', '江苏', '山东', '河南', '湖北', '湖南', '广东', '四川', '台湾']"
雄黄,"['湖北', '湖南', '四川', '贵州', '陕西', '甘肃']"
禹余粮,"['江苏', '浙江', '河南', '广东', '四川']"
钟乳石,"['山西', '湖北', '广东', '广西', '四川', '贵州', '云南', '陕西', '甘肃']"
炉甘石,"['湖南', '广西', '四川']"
花蕊石,"['山西', '江苏', '浙江', '河南', '四川', '陕西']"
阳起石,"['河北', '山西', '山东', '河南', '湖北']"
自然铜,"['河北', '辽宁', '湖南', '广东', '四川', '云南', '陕西']"
朱砂,"['湖北', '湖南', '广西', '四川', '贵州', '云南']"
芒硝,"['天津', '河北', '山西', '内蒙古', '江苏', '安徽', '福建', '山东', '河南', '湖北', '四川', '贵州', '云南', '陕西', '青海', '新疆']"
白矾,"['河北', '山西', '浙江', '安徽', '福建', '湖北', '甘肃']"
石膏,"['山西', '内蒙古', '安徽', '河南', '湖北', '四川', '贵州', '云南', '西藏', '甘肃']"
紫河车,[]
麝香,"['湖北', '四川', '贵州', '陕西', '甘肃']"
鳖甲,"['北京', '天津', '河北', '山西', '内蒙古', '辽宁', '吉林', '黑龙江', '上海', '江苏', '浙江', '安徽', '福建', '江西', '山东', '河南', '湖北', '湖南', '广东', '广西', '海南', '重庆', '四川', '贵州', '云南', '陕西', '甘肃', '台湾', '香港', '澳门']"
蟾酥,[]
蜈蚣,[]
海蛤壳,"['辽宁', '海南']"
蛤蚧,"['福建', '江西', '广东', '广西', '贵州', '云南']"
羚羊角,['新疆']
熊胆,"['广东', '广西', '海南', '北京', '天津', '河北', '山西', '内蒙古', '辽宁', '吉林', '黑龙江']"
鹿茸,"['内蒙古', '北京', '天津', '河北', '山西', '内蒙古', '辽宁', '吉林', '黑龙江']"
蛇蜕,"['河北', '重庆', '四川', '贵州', '云南', '西藏']"
海螵蛸,[]
海龙,[]
血余炭,"['北京', '天津', '河北', '山西', '内蒙古', '辽宁', '吉林', '黑龙江', '上海', '江苏', '浙江', '安徽', '福建', '江西', '山东', '河南', '湖北', '湖南', '广东', '广西', '海南', '重庆', '四川', '贵州', '云南', '西藏', '陕西', '甘肃', '青海', '宁夏', '新疆', '台湾', '香港', '澳门']"
地龙,"['福建', '广东', '广西', '台湾']"
石决明,"['福建', '广东', '海南', '台湾']"
水牛角,[]
水蛭,[]
乌梢蛇,"['江苏', '浙江', '安徽', '福建', '江西', '河南', '湖南', '广东', '广西', '四川', '陕西', '甘肃', '台湾']"
牛黄,[]
瓦楞子,[]
五灵脂,"['河北', '山西', '河南', '陕西', '甘肃']"
斑蝥,[]
桑螵蛸,"['北京', '天津', '河北', '山西', '内蒙古', '北京', '天津', '河北', '山西', '内蒙古', '辽宁', '吉林', '黑龙江', '上海', '江苏', '浙江', '安徽', '福建', '江西', '山东', '河南', '湖北', '湖南', '广东', '广西', '海南', '重庆', '四川', '贵州', '云南', '西藏', '陕西', '甘肃', '青海', '宁夏', '新疆', '台湾', '香港', '澳门']"
僵蚕,"['浙江', '湖南', '江西', '福建', '云南', '贵州', '四川', '重庆', '广西', '广东', '海南', '北京', '天津', '河北', '山西', '内蒙古', '辽宁', '吉林', '黑龙江', '上海', '江苏', '浙江', '安徽', '福建', '江西', '山东', '河南', '湖北', '湖南', '广东', '广西', '海南', '重庆', '四川', '贵州', '云南', '西藏', '陕西', '甘肃', '青海', '宁夏', '新疆', '台湾', '香港', '澳门']"
蝉蜕,['辽宁']
蚕沙,"['浙江', '湖南', '江西', '福建', '云南', '贵州', '四川', '重庆', '广西', '广东', '海南', '北京', '天津', '河北', '山西', '内蒙古', '辽宁', '吉林', '黑龙江', '上海', '江苏', '浙江', '安徽', '福建', '江西', '山东', '河南', '湖北', '湖南', '广东', '广西', '海南', '重庆', '四川', '贵州', '云南', '西藏', '陕西', '甘肃', '青海', '宁夏', '新疆', '台湾', '香港', '澳门']"
蜂房,"['广东', '广西', '四川', '云南']"
五倍子,"['北京', '天津', '河北', '山西', '内蒙古', '吉林', '上海', '江苏', '安徽', '福建', '江西', '山东', '广东', '广西', '海南', '重庆', '西藏', '陕西', '甘肃', '宁夏', '台湾', '香港', '澳门']"
土鳖虫,"['河北', '河南', '湖南', '陕西', '甘肃', '青海', '北京', '天津', '河北', '山西', '内蒙古', '辽宁', '吉林', '黑龙江', '上海', '江苏', '浙江', '安徽', '福建', '江西', '山东', '河南', '湖北', '湖南', '广东', '广西', '海南', '重庆', '四川', '贵州', '云南', '西藏', '陕西', '甘肃', '青海', '宁夏', '新疆', '台湾', '香港', '澳门']"
九香虫,"['湖北', '湖南', '上海', '江苏', '浙江', '安徽', '福建', '江西', '山东', '广东', '广西', '海南', '重庆', '四川', '贵州', '云南', '西藏']"
鹤草芽,[]
稻芽,"['北京', '天津', '河北', '山西', '内蒙古', '辽宁', '吉林', '黑龙江', '上海', '江苏', '浙江', '安徽', '福建', '江西', '山东', '河南', '湖北', '湖南', '广东', '广西', '海南', '重庆', '四川', '贵州', '云南', '西藏', '陕西', '甘肃', '青海', '宁夏', '新疆', '台湾', '香港', '澳门']"
麦芽,"['北京', '天津', '河北', '山西', '内蒙古', '辽宁', '吉林', '黑龙江', '上海', '江苏', '浙江', '安徽', '福建', '江西', '山东', '河南', '湖北', '湖南', '广东', '广西', '海南', '重庆', '四川', '贵州', '云南', '西藏', '陕西', '甘肃', '青海', '宁夏', '新疆', '台湾', '香港', '澳门']"
谷芽,"['北京', '天津', '河北', '山西', '内蒙古', '辽宁', '吉林', '黑龙江', '上海', '江苏', '浙江', '安徽', '福建', '江西', '山东', '河南', '湖北', '湖南', '广东', '广西', '海南', '重庆', '四川', '贵州', '云南', '西藏', '陕西', '甘肃', '青海', '宁夏', '新疆', '台湾', '香港', '澳门']"
六神曲,"['福建', '北京', '天津', '河北', '山西', '内蒙古', '辽宁', '吉林', '黑龙江', '上海', '江苏', '浙江', '安徽', '福建', '江西', '山东', '河南', '湖北', '湖南', '广东', '广西', '海南', '重庆', '四川', '贵州', '云南', '西藏', '陕西', '甘肃', '青海', '宁夏', '新疆', '台湾', '香港', '澳门']"
淡豆豉,"['北京', '天津', '河北', '山西', '内蒙古', '辽宁', '吉林', '黑龙江', '上海', '江苏', '浙江', '安徽', '福建', '江西', '山东', '河南', '湖北', '湖南', '广东', '广西', '海南', '重庆', '四川', '贵州', '云南', '西藏', '陕西', '甘肃', '青海', '宁夏', '新疆', '台湾', '香港', '澳门']"
青黛,"['山东', '湖北', '广东', '广西', '四川', '贵州', '陕西', '北京', '天津', '河北', '山西', '内蒙古', '辽宁', '吉林', '黑龙江']"
芦荟,[]
天竺黄,"['广东', '广西', '上海', '江苏', '浙江', '安徽', '福建', '江西', '山东', '重庆', '四川', '贵州', '云南', '西藏']"
大豆黄卷,"['北京', '天津', '河北', '山西', '内蒙古', '辽宁', '吉林', '黑龙江', '北京', '天津', '河北', '山西', '内蒙古', '辽宁', '吉林', '黑龙江', '上海', '江苏', '浙江', '安徽', '福建', '江西', '山东', '河南', '湖北', '湖南', '广东', '广西', '海南', '重庆', '四川', '贵州', '云南', '西藏', '陕西', '甘肃', '青海', '宁夏', '新疆', '台湾', '香港', '澳门']"
银耳,"['江苏', '四川', '贵州', '云南']"
雷丸,"['江苏', '浙江', '甘肃']"
猪苓,"['河南', '云南', '陕西']"
茯苓,"['河北', '山东', '四川', '云南']"
海藻,"['辽宁', '山东']"
昆布,"['辽宁', '浙江', '福建', '山东']"
灵芝,"['河北', '山东', '河南']"
冬虫夏草,"['四川', '甘肃', '青海']"
木耳,"['北京', '天津', '河北', '山西', '内蒙古', '辽宁', '吉林', '黑龙江', '上海', '江苏', '浙江', '安徽', '福建', '江西', '山东', '河南', '湖北', '湖南', '广东', '广西', '海南', '重庆', '四川', '贵州', '云南', '西藏', '陕西', '甘肃', '青海', '宁夏', '新疆', '台湾', '香港', '澳门']"
马勃,"['重庆', '四川', '贵州', '云南', '西藏', '辽宁', '吉林', '黑龙江']"
樟脑,"['福建', '广西', '贵州', '台湾']"
松香,"['江苏', '安徽', '福建', '河南', '广东', '四川', '贵州', '云南', '陕西', '台湾', '重庆', '四川', '贵州', '云南', '西藏']"
冰片,"['广东', '广西', '贵州', '云南', '台湾']"
枫香脂,[]
安息香,"['广东', '广西', '云南']"
竹沥,"['山东', '河南']"
干漆,"['上海', '江苏', '浙江', '安徽', '福建', '江西', '山东', '广东', '广西', '海南']"
檀香,[]
樟木,"['浙江', '福建', '江西', '湖北', '湖南', '广东', '广西', '海南', '四川', '云南', '台湾']"
槲寄生,"['内蒙古', '辽宁', '吉林', '黑龙江']"
锁阳,['内蒙古']
桑寄生,[]
麻黄,"['河北', '山西', '内蒙古', '陕西', '甘肃', '新疆']"
通草,"['福建', '湖北', '湖南', '台湾']"
桂枝,"['广东', '广西', '海南', '云南']"
络石藤,"['北京', '天津', '河北', '山西', '内蒙古', '辽宁', '吉林', '黑龙江', '上海', '江苏', '浙江', '安徽', '福建', '江西', '山东', '河南', '湖北', '湖南', '广东', '广西', '海南', '重庆', '四川', '贵州', '云南', '陕西', '甘肃', '宁夏', '台湾', '香港', '澳门', '辽宁', '吉林', '黑龙江']"
鬼箭羽,"['上海', '江苏', '浙江', '安徽', '福建', '江西', '山东', '重庆', '四川', '贵州', '云南', '西藏', '北京', '天津', '河北', '山西', '内蒙古']"
钩藤,"['江西', '湖北', '湖南', '广西', '四川', '浙江', '湖南', '江西', '福建', '云南', '贵州', '四川', '重庆', '广西', '广东', '海南']"
首乌藤,"['河北', '山东', '河南', '浙江', '湖南', '江西', '福建', '云南', '贵州', '四川', '重庆', '广西', '广东', '海南']"
油松节,"['福建', '广东', '广西', '云南']"
苦木,"['河北', '山西', '辽宁', '江苏', '浙江', '安徽', '福建', '江西', '山东', '河南', '湖北', '湖南', '广东', '广西', '海南', '四川', '贵州', '云南', '西藏', '陕西', '甘肃', '台湾']"
青风藤,"['江苏', '浙江', '湖北', '陕西']"
鸡血藤,"['福建', '广东', '广西', '贵州', '云南']"
皂角刺,[]
苏木,"['福建', '广东', '广西', '四川', '贵州', '云南', '台湾']"
柳枝,"['北京', '天津', '河北', '山西', '内蒙古', '辽宁', '吉林', '黑龙江', '上海', '江苏', '浙江', '安徽', '福建', '江西', '山东', '河南', '湖北', '湖南', '广东', '广西', '海南', '重庆', '四川', '贵州', '云南', '西藏', '陕西', '甘肃', '青海', '宁夏', '新疆', '台湾', '香港', '澳门']"
灯心草,['江苏']
肉苁蓉,"['内蒙古', '陕西', '甘肃']"
竹茹,"['广东', '广西', '广东', '广西', '海南']"
西河柳,"['广东', '广西', '云南', '北京', '天津', '河北', '山西', '内蒙古', '辽宁', '吉林', '黑龙江']"
木通,"['江苏', '安徽', '江西', '河南', '湖北', '湖南', '广东', '广西', '四川', '陕西']"
石斛,"['广西', '四川', '贵州', '云南']"
小通草,"['江西', '湖北', '湖南', '广东', '广西', '四川', '贵州', '云南', '西藏', '陕西', '甘肃', '台湾']"
天仙藤,"['江苏', '浙江', '江西', '河南', '湖北', '陕西']"
川木通,"['四川', '云南', '陕西']"
大血藤,"['四川', '贵州', '云南']"
椿皮,"['河北', '湖北', '北京', '天津', '河北', '山西', '内蒙古', '辽宁', '吉林', '黑龙江', '上海', '江苏', '浙江', '安徽', '福建', '江西', '山东', '河南', '湖北', '湖南', '广东', '广西', '海南', '重庆', '四川', '贵州', '云南', '西藏', '陕西', '甘肃', '青海', '宁夏', '新疆', '台湾', '香港', '澳门']"
黄柏,"['湖北', '四川', '云南']"
桑白皮,"['北京', '天津', '河北', '山西', '内蒙古', '辽宁', '吉林', '黑龙江', '上海', '江苏', '浙江', '安徽', '福建', '江西', '山东', '河南', '湖北', '湖南', '广东', '广西', '海南', '重庆', '四川', '贵州', '云南', '西藏', '陕西', '甘肃', '青海', '宁夏', '新疆', '台湾', '香港', '澳门']"
海桐皮,"['浙江', '福建', '湖北', '湖南', '广东', '广西', '贵州', '云南']"
秦皮,"['湖北', '四川', '陕西', '甘肃']"
香加皮,"['内蒙古', '辽宁', '吉林', '黑龙江']"
厚朴,['湖北']
苦楝皮,"['湖北', '湖南', '四川']"
牡丹皮,"['河北', '山东', '河南', '四川', '陕西', '甘肃', '北京', '天津', '河北', '山西', '内蒙古', '辽宁', '吉林', '黑龙江', '上海', '江苏', '浙江', '安徽', '福建', '江西', '山东', '河南', '湖北', '湖南', '广东', '广西', '海南', '重庆', '四川', '贵州', '云南', '西藏', '陕西', '甘肃', '青海', '宁夏', '新疆', '台湾', '香港', '澳门']"
合欢皮,"['河北', '河南', '湖北', '陕西']"
肉桂,"['福建', '广东', '广西', '云南']"
地骨皮,"['北京', '天津', '河北', '山西', '内蒙古', '辽宁', '吉林', '黑龙江', '上海', '江苏', '浙江', '安徽', '福建', '江西', '山东', '河南', '湖北', '湖南', '广东', '广西', '海南', '重庆', '四川', '贵州', '云南', '西藏', '陕西', '甘肃', '青海', '宁夏', '新疆', '台湾', '香港', '澳门']"
地枫皮,"['广西', '重庆', '四川', '贵州', '云南', '西藏']"
白鲜皮,"['内蒙古', '辽宁', '吉林', '黑龙江']"
五加皮,"['山东', '河南', '湖北', '陕西']"
木槿皮,"['北京', '天津', '河北', '山西', '内蒙古', '辽宁', '吉林', '黑龙江', '上海', '江苏', '浙江', '安徽', '福建', '江西', '山东', '河南', '湖北', '湖南', '广东', '广西', '海南', '重庆', '四川', '贵州', '云南', '西藏', '陕西', '甘肃', '青海', '宁夏', '新疆', '台湾', '香港', '澳门']"
土荆皮,[]
九里香,"['福建', '广东', '广西', '海南', '台湾']"
棕榈,"['上海', '江苏', '浙江', '安徽', '福建', '江西', '山东', '广东', '广西', '海南', '重庆', '四川', '贵州', '云南', '西藏']"
满山红,"['内蒙古', '辽宁', '吉林', '黑龙江']"
银杏叶,"['辽宁', '山东', '河南', '湖北', '广西', '四川', '北京', '天津', '河北', '山西', '内蒙古', '辽宁', '吉林', '黑龙江', '上海', '江苏', '浙江', '安徽', '福建', '江西', '山东', '河南', '湖北', '湖南', '广东', '广西', '海南', '重庆', '四川', '贵州', '云南', '西藏', '陕西', '甘肃', '青海', '宁夏', '新疆', '台湾', '香港', '澳门']"
番泻叶,['云南']
紫珠叶,"['江苏', '浙江', '福建', '江西']"
桑叶,"['北京', '天津', '河北', '山西', '内蒙古', '辽宁', '吉林', '黑龙江', '上海', '江苏', '浙江', '安徽', '福建', '江西', '山东', '河南', '湖北', '湖南', '广东', '广西', '海南', '重庆', '四川', '贵州', '云南', '西藏', '陕西', '甘肃', '青海', '宁夏', '新疆', '台湾', '香港', '澳门']"
荷叶,[]
胡颓子叶,"['江苏', '安徽', '湖北', '陕西']"
侧柏叶,"['河北', '山东', '河南']"
南天竹叶,"['江苏', '浙江', '安徽', '福建', '江西', '湖北', '湖南', '广东', '广西', '四川', '贵州', '陕西']"
枸骨叶,[]
罗布麻叶,"['上海', '江苏', '浙江', '安徽', '福建', '江西', '山东', '北京', '天津', '河北', '山西', '内蒙古', '辽宁', '吉林', '黑龙江']"
枇杷叶,"['江苏', '浙江', '广东', '陕西']"
苦丁茶,"['浙江', '安徽', '广东', '广西']"
牡荆叶,[]
龙脷叶,"['福建', '广东', '广西', '海南', '云南']"
功劳木,"['浙江', '安徽', '湖北', '湖南', '陕西']"
四季青,"['江苏', '浙江', '安徽', '福建', '江西', '河南', '湖北', '湖南', '广东', '广西', '云南', '台湾']"
石楠叶,"['江苏', '浙江', '安徽', '福建', '江西', '河南', '湖北', '湖南', '广东', '广西', '四川', '贵州', '云南', '陕西', '甘肃', '台湾']"
艾叶,"['陕西', '甘肃', '上海', '江苏', '浙江', '安徽', '福建', '江西', '山东', '重庆', '四川', '贵州', '云南', '西藏', '北京', '天津', '河北', '山西', '内蒙古']"
山楂叶,"['河北', '山西', '内蒙古', '江苏', '浙江', '安徽', '山东', '河南', '陕西', '北京', '天津', '河北', '山西', '内蒙古', '辽宁', '吉林', '黑龙江']"
木芙蓉叶,"['河南', '广西', '四川']"
人参叶,"['河北', '辽宁', '吉林', '黑龙江']"
大青叶,"['北京', '天津', '河北', '山西', '内蒙古', '辽宁', '吉林', '黑龙江', '上海', '江苏', '浙江', '安徽', '福建', '江西', '山东', '河南', '湖北', '湖南', '广东', '广西', '海南', '重庆', '四川', '贵州', '云南', '西藏', '陕西', '甘肃', '青海', '宁夏', '新疆', '台湾', '香港', '澳门']"
梅花,"['北京', '天津', '河北', '山西', '内蒙古', '辽宁', '吉林', '黑龙江', '上海', '江苏', '浙江', '安徽', '福建', '江西', '山东', '河南', '湖北', '湖南', '广东', '广西', '海南', '重庆', '四川', '贵州', '云南', '西藏', '陕西', '甘肃', '青海', '宁夏', '新疆', '台湾', '香港', '澳门']"
槐花,"['北京', '天津', '河北', '山西', '内蒙古']"
蒲黄,"['江苏', '浙江', '安徽']"
款冬花,"['河北', '山西', '内蒙古', '河南', '湖北', '四川', '西藏', '陕西', '甘肃', '青海', '新疆']"
密蒙花,"['陕西', '甘肃', '重庆', '四川', '贵州', '云南', '西藏']"
旋覆花,"['辽宁', '吉林', '黑龙江']"
啤酒花,"['山东', '北京', '天津', '河北', '山西', '内蒙古', '辽宁', '吉林', '黑龙江']"
野菊花,"['北京', '天津', '河北', '山西', '内蒙古', '辽宁', '吉林', '黑龙江']"
菊花,[]
凌霄花,"['江苏', '浙江', '北京', '天津', '河北', '山西', '内蒙古', '辽宁', '吉林', '黑龙江', '上海', '江苏', '浙江', '安徽', '福建', '江西', '山东', '河南', '湖北', '湖南', '广东', '广西', '海南', '重庆', '四川', '贵州', '云南', '西藏', '陕西', '甘肃', '青海', '宁夏', '新疆', '台湾', '香港', '澳门']"
夏枯草,"['北京', '天津', '河北', '山西', '内蒙古', '辽宁', '吉林', '黑龙江', '上海', '江苏', '浙江', '安徽', '福建', '江西', '山东', '河南', '湖北', '湖南', '广东', '广西', '海南', '重庆', '四川', '贵州', '云南', '西藏', '陕西', '甘肃', '青海', '宁夏', '新疆', '台湾', '香港', '澳门']"
桂花,"['重庆', '四川', '贵州', '云南', '西藏', '北京', '天津', '河北', '山西', '内蒙古', '辽宁', '吉林', '黑龙江', '上海', '江苏', '浙江', '安徽', '福建', '江西', '山东', '河南', '湖北', '湖南', '广东', '广西', '海南', '重庆', '四川', '贵州', '云南', '西藏', '陕西', '甘肃', '青海', '宁夏', '新疆', '台湾', '香港', '澳门']"
厚朴花,"['浙江', '江西', '湖北', '湖南', '陕西', '甘肃']"
闹羊花,[]
茉莉花,[]
松花粉,"['福建', '广东', '云南']"
玫瑰花,"['江苏', '浙江', '安徽', '山东']"
迎春花,"['四川', '云南', '西藏', '陕西', '甘肃']"
谷精草,"['江苏', '浙江', '安徽']"
辛夷,"['河南', '湖北', '陕西', '甘肃']"
芫花,"['四川', '贵州', '上海', '江苏', '浙江', '安徽', '福建', '江西', '山东', '广东', '广西', '海南', '北京', '天津', '河北', '山西', '内蒙古']"
红花,[]
西红花,"['上海', '江苏', '浙江']"
合欢花,"['河北', '辽宁', '河南', '陕西', '上海', '江苏', '浙江', '安徽', '福建', '江西', '山东', '广东', '广西', '海南', '重庆', '四川', '贵州', '云南', '西藏']"
玉米须,"['北京', '天津', '河北', '山西', '内蒙古', '辽宁', '吉林', '黑龙江', '上海', '江苏', '浙江', '安徽', '福建', '江西', '山东', '河南', '湖北', '湖南', '广东', '广西', '海南', '重庆', '四川', '贵州', '云南', '西藏', '陕西', '甘肃', '青海', '宁夏', '新疆', '台湾', '香港', '澳门']"
月季花,"['山西', '江苏', '山东', '湖北', '北京', '天津', '河北', '山西', '内蒙古', '辽宁', '吉林', '黑龙江', '上海', '江苏', '浙江', '安徽', '福建', '江西', '山东', '河南', '湖北', '湖南', '广东', '广西', '海南', '重庆', '四川', '贵州', '云南', '西藏', '陕西', '甘肃', '青海', '宁夏', '新疆', '台湾', '香港', '澳门']"
木棉花,"['福建', '广东', '广西', '台湾']"
木槿花,"['河北', '陕西', '台湾', '上海', '江苏', '浙江', '安徽', '福建', '江西', '山东', '重庆', '四川', '贵州', '云南', '西藏']"
山银花,[]
盘龙参,"['北京', '天津', '河北', '山西', '内蒙古', '辽宁', '吉林', '黑龙江', '上海', '江苏', '浙江', '安徽', '福建', '江西', '山东', '河南', '湖北', '湖南', '广东', '广西', '海南', '重庆', '四川', '贵州', '云南', '西藏', '陕西', '甘肃', '青海', '宁夏', '新疆', '台湾', '香港', '澳门']"
颠茄草,"['北京', '天津', '河北', '山西', '内蒙古', '辽宁', '吉林', '黑龙江', '上海', '江苏', '浙江', '安徽', '福建', '江西', '山东', '河南', '湖北', '湖南', '广东', '广西', '海南', '重庆', '四川', '贵州', '云南', '西藏', '陕西', '甘肃', '青海', '宁夏', '新疆', '台湾', '香港', '澳门']"
翻白草,"['四川', '陕西', '上海', '江苏', '浙江', '安徽', '福建', '江西', '山东', '北京', '天津', '河北', '山西', '内蒙古', '辽宁', '吉林', '黑龙江']"
瞿麦,"['北京', '天津', '河北', '山西', '内蒙古', '辽宁', '吉林', '黑龙江', '上海', '江苏', '浙江', '安徽', '福建', '江西', '山东', '河南', '湖北', '湖南', '广东', '广西', '海南', '重庆', '四川', '贵州', '云南', '西藏', '陕西', '甘肃', '青海', '宁夏', '新疆', '台湾', '香港', '澳门']"
薄荷,['江苏']
墨旱莲,"['北京', '天津', '河北', '山西', '内蒙古', '辽宁', '吉林', '黑龙江', '上海', '江苏', '浙江', '安徽', '福建', '江西', '山东', '河南', '湖北', '湖南', '广东', '广西', '海南', '重庆', '四川', '贵州', '云南', '西藏', '陕西', '甘肃', '青海', '宁夏', '新疆', '台湾', '香港', '澳门']"
蔊菜,"['江苏', '浙江', '福建', '江西', '山东', '河南', '湖南', '广东', '四川', '云南', '陕西', '甘肃', '台湾']"
豨莶草,"['湖北', '湖南', '广东', '广西', '四川', '贵州', '云南', '上海', '江苏', '浙江', '安徽', '福建', '江西', '山东', '重庆', '四川', '贵州', '云南', '西藏', '北京', '天津', '河北', '山西', '内蒙古', '辽宁', '吉林', '黑龙江', '浙江', '湖南', '江西', '福建', '云南', '贵州', '四川', '重庆', '广西', '广东', '海南']"
矮地茶,[]
蒲公英,"['北京', '天津', '河北', '山西', '内蒙古', '辽宁', '吉林', '黑龙江', '上海', '江苏', '浙江', '安徽', '福建', '江西', '山东', '河南', '湖北', '湖南', '广东', '广西', '海南', '重庆', '四川', '贵州', '云南', '西藏', '陕西', '甘肃', '青海', '宁夏', '新疆', '台湾', '香港', '澳门']"
鹅不食草,"['江苏', '浙江', '安徽', '广东']"
紫花地丁,"['江苏', '浙江']"
扁蓄,"['北京', '天津', '河北', '山西', '内蒙古', '辽宁', '吉林', '黑龙江', '上海', '江苏', '浙江', '安徽', '福建', '江西', '山东', '河南', '湖北', '湖南', '广东', '广西', '海南', '重庆', '四川', '贵州', '云南', '西藏', '陕西', '甘肃', '青海', '宁夏', '新疆', '台湾', '香港', '澳门']"
筋骨草,"['上海', '江苏', '浙江', '安徽', '福建', '江西', '山东', '广东', '广西', '海南', '重庆', '四川', '贵州', '云南', '西藏']"
蛇莓,"['河北', '辽宁', '福建', '河南', '广东']"
菥蓂,[]
酢浆草,[]
断血流,"['河北', '山西', '江苏', '浙江', '安徽', '福建', '江西', '山东', '河南', '湖北', '湖南', '广西', '四川', '贵州', '云南', '西藏', '陕西', '甘肃', '台湾']"
淡竹叶,"['广东', '广西', '海南', '重庆', '四川', '贵州', '云南', '西藏']"
鹿衔草,"['河北', '江苏', '河南', '辽宁', '吉林', '黑龙江']"
甜地丁,"['江苏', '安徽', '山东', '湖北', '湖南', '陕西', '甘肃', '北京', '天津', '河北', '山西', '内蒙古', '辽宁', '吉林', '黑龙江']"
益母草,"['北京', '天津', '河北', '山西', '内蒙古', '辽宁', '吉林', '黑龙江', '上海', '江苏', '浙江', '安徽', '福建', '江西', '山东', '河南', '湖北', '湖南', '广东', '广西', '海南', '重庆', '四川', '贵州', '云南', '西藏', '陕西', '甘肃', '青海', '宁夏', '新疆', '台湾', '香港', '澳门']"
浮萍,[]
积雪草,"['浙江', '湖南', '江西', '福建', '云南', '贵州', '四川', '重庆', '广西', '广东', '海南']"
鸭跖草,"['北京', '天津', '河北', '山西', '内蒙古', '辽宁', '吉林', '黑龙江', '上海', '江苏', '浙江', '安徽', '福建', '江西', '山东', '河南', '湖北', '湖南', '广东', '广西', '海南', '重庆', '四川', '贵州', '云南', '西藏', '陕西', '甘肃', '青海', '宁夏', '新疆', '台湾', '香港', '澳门']"
葎草,[]
绞股蓝,"['广东', '陕西', '重庆', '四川', '贵州', '云南', '西藏', '浙江', '湖南', '江西', '福建', '云南', '贵州', '四川', '重庆', '广西', '广东', '海南']"
景天三七,"['北京', '天津', '河北', '山西', '内蒙古', '辽宁', '吉林', '黑龙江', '北京', '天津', '河北', '山西', '内蒙古', '辽宁', '吉林', '黑龙江', '上海', '江苏', '浙江', '安徽', '福建', '江西', '山东', '河南', '湖北', '湖南', '广东', '广西', '海南', '重庆', '四川', '贵州', '云南', '西藏', '陕西', '甘肃', '青海', '宁夏', '新疆', '台湾', '香港', '澳门']"
香薷,"['江苏', '陕西', '甘肃']"
荠菜,"['北京', '天津', '河北', '山西', '内蒙古', '辽宁', '吉林', '黑龙江', '上海', '江苏', '浙江', '安徽', '福建', '江西', '山东', '河南', '湖北', '湖南', '广东', '广西', '海南', '重庆', '四川', '贵州', '云南', '西藏', '陕西', '甘肃', '青海', '宁夏', '新疆', '台湾', '香港', '澳门']"
茵陈,[]
荆芥,"['河北', '江苏', '浙江', '河南']"
胡荽,[]
垂盆草,"['河北', '山西', '辽宁', '吉林', '山东', '河南', '湖北', '四川', '陕西', '上海', '江苏', '浙江', '安徽', '福建', '江西', '山东']"
泽漆,"['北京', '天津', '河北', '山西', '内蒙古', '辽宁', '吉林', '黑龙江', '上海', '江苏', '浙江', '安徽', '福建', '江西', '山东', '河南', '湖北', '湖南', '广东', '广西', '海南', '重庆', '四川', '贵州', '云南', '陕西', '甘肃', '青海', '宁夏', '新疆', '台湾', '香港', '澳门']"
泽兰,"['北京', '天津', '河北', '山西', '内蒙古', '辽宁', '吉林', '黑龙江']"
鱼腥草,"['云南', '西藏', '陕西', '甘肃', '台湾', '重庆', '四川', '贵州', '云南', '西藏']"
肿节风,"['浙江', '福建', '广东', '广西', '海南', '台湾']"
金钱草,"['山西', '江苏', '浙江', '安徽', '福建', '江西', '河南', '湖北', '湖南', '广东', '广西', '四川', '贵州', '云南', '陕西', '台湾']"
佩兰,"['河北', '江苏', '山东']"
委陵菜,"['辽宁', '吉林', '黑龙江']"
败酱草,"['福建', '江西', '四川']"
苦地丁,"['河北', '山西', '内蒙古', '辽宁', '山东', '陕西', '甘肃', '宁夏']"
苦地胆,"['广东', '重庆', '四川', '贵州', '云南', '西藏']"
虎耳草,"['上海', '江苏', '浙江', '安徽', '福建', '江西', '山东', '广东', '广西', '海南', '重庆', '四川', '贵州', '云南', '西藏']"
青蒿,['广东']
鸡矢藤,"['广东', '广西', '四川', '贵州', '云南']"
鸡骨草,"['广东', '广西']"
陆英,"['河北', '江苏', '浙江', '安徽', '福建', '江西', '湖北', '湖南', '广东', '广西', '四川', '贵州', '云南', '陕西', '甘肃', '青海', '台湾']"
牡蒿,[]
连钱草,"['北京', '天津', '河北', '山西', '内蒙古', '辽宁', '吉林', '黑龙江', '上海', '江苏', '浙江', '安徽', '福建', '江西', '山东', '河南', '湖北', '湖南', '广东', '广西', '海南', '重庆', '四川', '贵州', '云南', '陕西', '宁夏', '台湾', '香港', '澳门', '北京', '天津', '河北', '山西', '内蒙古', '辽宁', '吉林', '黑龙江', '上海', '江苏', '浙江', '安徽', '福建', '江西', '山东', '河南', '湖北', '湖南', '广东', '广西', '海南', '重庆', '四川', '贵州', '云南', '西藏', '陕西', '甘肃', '青海', '宁夏', '新疆', '台湾', '香港', '澳门']"
金莲花,"['河北', '山西', '内蒙古', '辽宁', '吉林', '河南']"
杠板归,"['北京', '天津', '河北', '山西', '内蒙古', '辽宁', '吉林', '黑龙江', '上海', '江苏', '浙江', '安徽', '福建', '江西', '山东', '河南', '湖北', '湖南', '广东', '广西', '海南', '重庆', '四川', '贵州', '云南', '西藏', '陕西', '甘肃', '青海', '宁夏', '新疆', '台湾', '香港', '澳门']"
伸筋草,"['上海', '江苏', '浙江', '安徽', '福建', '江西', '山东', '北京', '天津', '河北', '山西', '内蒙古', '辽宁', '吉林', '黑龙江']"
羊蹄草,"['福建', '江西', '广东', '广西', '贵州']"
西番莲,"['江西', '广东', '广西', '四川', '贵州', '云南']"
老鹳草,"['河北', '吉林', '黑龙江']"
地锦草,"['北京', '天津', '河北', '山西', '内蒙古', '辽宁', '吉林', '黑龙江', '上海', '江苏', '浙江', '安徽', '福建', '江西', '山东', '河南', '湖北', '湖南', '广东', '广西', '海南', '重庆', '四川', '贵州', '云南', '西藏', '陕西', '甘肃', '青海', '宁夏', '新疆', '台湾', '香港', '澳门']"
地耳草,[]
瓜子金,"['浙江', '安徽', '福建', '江西', '山东', '河南', '湖北', '湖南', '广东', '广西', '四川', '贵州', '云南', '陕西', '甘肃', '青海', '台湾']"
刘寄奴,"['上海', '江苏', '浙江', '安徽', '福建', '江西', '山东', '重庆', '四川', '贵州', '云南', '西藏']"
冬凌草,"['河北', '山西', '浙江', '安徽', '江西', '河南', '湖北', '湖南', '广东', '广西', '四川', '贵州', '甘肃']"
半枝莲,"['浙江', '福建', '广东', '广西', '海南', '台湾']"
半边莲,"['江苏', '浙江', '安徽']"
广山药,"['湖南', '广东', '广西', '海南', '贵州', '云南']"
白花丹,"['福建', '广东', '广西', '台湾', '重庆', '四川', '贵州', '云南', '西藏']"
白英,[]
仙鹤草,"['北京', '天津', '河北', '山西', '内蒙古', '辽宁', '吉林', '黑龙江', '上海', '江苏', '浙江', '安徽', '福建', '江西', '山东', '河南', '湖北', '湖南', '广东', '广西', '海南', '重庆', '四川', '贵州', '云南', '西藏', '陕西', '甘肃', '青海', '宁夏', '新疆', '台湾', '香港', '澳门']"
北刘寄奴,"['北京', '天津', '河北', '山西', '内蒙古', '辽宁', '吉林', '黑龙江', '上海', '江苏', '浙江', '安徽', '福建', '江西', '山东', '河南', '湖北', '湖南', '广东', '广西', '海南', '重庆', '四川', '贵州', '云南', '西藏', '陕西', '甘肃', '青海', '宁夏', '新疆', '台湾', '香港', '澳门']"
叶象花,['贵州']
石韦,"['浙江', '湖南', '江西', '福建', '云南', '贵州', '四川', '重庆', '广西', '广东', '海南']"
乌蔹莓,"['上海', '江苏', '浙江', '安徽', '福建', '江西', '山东', '重庆', '四川', '贵州', '云南', '西藏']"
车前草,"['北京', '天津', '河北', '山西', '内蒙古', '辽宁', '吉林', '黑龙江', '上海', '江苏', '浙江', '安徽', '福建', '江西', '山东', '河南', '湖北', '湖南', '广东', '广西', '海南', '重庆', '四川', '贵州', '云南', '西藏', '陕西', '甘肃', '青海', '宁夏', '新疆', '台湾', '香港', '澳门']"
长春花,"['上海', '江苏', '浙江', '安徽', '福建', '江西', '山东', '重庆', '四川', '贵州', '云南', '西藏']"
木贼,"['内蒙古', '陕西', '辽宁', '吉林', '黑龙江']"
瓦松,"['甘肃', '青海', '北京', '天津', '河北', '山西', '内蒙古', '辽宁', '吉林', '黑龙江', '上海', '江苏', '浙江', '安徽', '福建', '江西', '山东', '河南', '湖北', '湖南', '广东', '广西', '海南', '重庆', '四川', '贵州', '云南', '西藏', '陕西', '甘肃', '青海', '宁夏', '新疆', '台湾', '香港', '澳门']"
红丝线,[]
天胡荽,"['江苏', '浙江']"
马鞭草,"['四川', '贵州', '云南', '西藏']"
马兰,"['北京', '天津', '河北', '山西', '内蒙古', '辽宁', '吉林', '黑龙江', '上海', '江苏', '浙江', '安徽', '福建', '江西', '山东', '河南', '湖北', '湖南', '广东', '广西', '海南', '重庆', '四川', '贵州', '云南', '西藏', '陕西', '甘肃', '青海', '宁夏', '新疆', '台湾', '香港', '澳门']"
广金钱草,"['福建', '广东', '广西', '海南']"
广藿香,"['广东', '广西', '海南']"
千里光,"['浙江', '广东', '广西']"
小驳骨,"['广东', '广西', '海南', '云南', '台湾']"
小蓟,"['北京', '天津', '河北', '山西', '内蒙古', '辽宁', '吉林', '黑龙江', '上海', '江苏', '浙江', '安徽', '福建', '江西', '山东', '河南', '湖北', '湖南', '广东', '广西', '海南', '重庆', '四川', '贵州', '云南', '西藏', '陕西', '甘肃', '青海', '宁夏', '新疆', '台湾', '香港', '澳门']"
大蓟,"['河北', '江苏', '安徽', '山东']"
土荆芥,"['上海', '江苏', '浙江', '安徽', '福建', '江西', '山东', '重庆', '四川', '贵州', '云南', '西藏']"
三白草,"['江苏', '安徽', '江西']"
一枝黄花,"['上海', '江苏', '浙江', '安徽', '福建', '江西', '山东', '广东', '广西', '海南', '重庆', '四川', '贵州', '云南', '西藏']"
覆盆子,"['江苏', '浙江', '安徽']"
山木通,"['江苏', '浙江', '安徽', '福建', '江西', '河南', '湖北', '四川', '贵州', '云南']"
鹤虱,[]
薏苡仁,"['江苏', '福建']"
蕤仁,"['山西', '内蒙古', '陕西']"
樱桃核,"['河北', '山西', '辽宁', '河南', '湖北', '广西', '四川', '陕西', '甘肃', '上海', '江苏', '浙江', '安徽', '福建', '江西', '山东']"
罂粟壳,[]
蔓荆子,"['广东', '广西', '云南']"
酸枣仁,"['河北', '辽宁', '吉林', '河南']"
榧子,"['江苏', '浙江', '安徽', '福建', '江西', '湖南', '贵州']"
葶苈子,"['江苏', '安徽', '山东']"
锦灯笼,"['北京', '天津', '河北', '山西', '内蒙古', '辽宁', '吉林', '黑龙江', '上海', '江苏', '浙江', '安徽', '福建', '江西', '山东', '河南', '湖北', '湖南', '广东', '广西', '海南', '重庆', '四川', '贵州', '云南', '陕西', '甘肃', '青海', '宁夏', '新疆', '台湾', '香港', '澳门', '北京', '天津', '河北', '山西', '内蒙古', '辽宁', '吉林', '黑龙江', '上海', '江苏', '浙江', '安徽', '福建', '江西', '山东', '河南', '湖北', '湖南', '广东', '广西', '海南', '重庆', '四川', '贵州', '云南', '西藏', '陕西', '甘肃', '青海', '宁夏', '新疆', '台湾', '香港', '澳门']"
蒺藜,"['河北', '河南', '北京', '天津', '河北', '山西', '内蒙古', '辽宁', '吉林', '黑龙江', '上海', '江苏', '浙江', '安徽', '福建', '江西', '山东', '河南', '湖北', '湖南', '广东', '广西', '海南', '重庆', '四川', '贵州', '云南', '西藏', '陕西', '甘肃', '青海', '宁夏', '新疆', '台湾', '香港', '澳门']"
蓖麻子,"['北京', '天津', '河北', '山西', '内蒙古', '辽宁', '吉林', '黑龙江', '上海', '江苏', '浙江', '安徽', '福建', '江西', '山东', '河南', '湖北', '湖南', '广东', '广西', '海南', '重庆', '四川', '贵州', '云南', '西藏', '陕西', '甘肃', '青海', '宁夏', '新疆', '台湾', '香港', '澳门']"
喜树果,"['江苏', '浙江', '重庆', '四川', '贵州', '云南', '西藏']"
槐角,[]
羊耳菊,"['浙江', '福建', '江西', '广东', '广西', '四川', '贵州', '云南']"
黑芝麻,"['山东', '河南', '湖北']"
绿豆,"['北京', '天津', '河北', '山西', '内蒙古', '辽宁', '吉林', '黑龙江', '上海', '江苏', '浙江', '安徽', '福建', '江西', '山东', '河南', '湖北', '湖南', '广东', '广西', '海南', '重庆', '四川', '贵州', '云南', '西藏', '陕西', '甘肃', '青海', '宁夏', '新疆', '台湾', '香港', '澳门']"
紫苏子,"['北京', '天津', '河北', '山西', '内蒙古', '辽宁', '吉林', '黑龙江', '上海', '江苏', '浙江', '安徽', '福建', '江西', '山东', '河南', '湖北', '湖南', '广东', '广西', '海南', '重庆', '四川', '贵州', '云南', '西藏', '陕西', '甘肃', '青海', '宁夏', '新疆', '台湾', '香港', '澳门']"
葱子,"['山东', '北京', '天津', '河北', '山西', '内蒙古', '辽宁', '吉林', '黑龙江', '上海', '江苏', '浙江', '安徽', '福建', '江西', '山东', '河南', '湖北', '湖南', '广东', '广西', '海南', '重庆', '四川', '贵州', '云南', '西藏', '陕西', '甘肃', '青海', '宁夏', '新疆', '台湾', '香港', '澳门']"
楮实子,"['河北', '山东', '河南']"
猕猴桃,"['江苏', '浙江', '安徽', '福建', '江西', '四川', '贵州', '云南', '陕西']"
山菅兰,"['浙江', '福建', '江西', '广东', '广西', '贵州', '云南', '台湾']"
甜瓜蒂,"['北京', '天津', '河北', '山西', '内蒙古', '辽宁', '吉林', '黑龙江', '上海', '江苏', '浙江', '安徽', '福建', '江西', '山东', '河南', '湖北', '湖南', '广东', '广西', '海南', '重庆', '四川', '贵州', '云南', '西藏', '陕西', '甘肃', '青海', '宁夏', '新疆', '台湾', '香港', '澳门']"
甜瓜子,[]
蛇床子,"['河北', '山西', '江苏', '浙江', '四川']"
黄荆子,"['河南', '湖北', '广东', '广西', '四川', '贵州', '上海', '江苏', '浙江', '安徽', '福建', '江西', '山东']"
菟丝子,"['河北', '山西', '内蒙古', '辽宁', '吉林', '黑龙江', '山东', '北京', '天津', '河北', '山西', '内蒙古', '辽宁', '吉林', '黑龙江', '上海', '江苏', '浙江', '安徽', '福建', '江西', '山东', '河南', '湖北', '湖南', '广东', '广西', '海南', '重庆', '四川', '贵州', '云南', '西藏', '陕西', '甘肃', '青海', '宁夏', '新疆', '台湾', '香港', '澳门']"
梧桐子,[]
桑椹,"['北京', '天津', '河北', '山西', '内蒙古', '辽宁', '吉林', '黑龙江', '上海', '江苏', '浙江', '安徽', '福建', '江西', '山东', '河南', '湖北', '湖南', '广东', '广西', '海南', '重庆', '四川', '贵州', '云南', '西藏', '陕西', '甘肃', '青海', '宁夏', '新疆', '台湾', '香港', '澳门']"
预知子,"['湖南', '广东', '四川']"
娑罗子,"['江苏', '河南', '湖北', '四川', '陕西']"
益智,"['福建', '广东', '广西', '海南']"
浮小麦,"['北京', '天津', '河北', '山西', '内蒙古', '辽宁', '吉林', '黑龙江', '上海', '江苏', '浙江', '安徽', '福建', '江西', '山东', '河南', '湖北', '湖南', '广东', '广西', '海南', '重庆', '四川', '贵州', '云南', '西藏', '陕西', '甘肃', '青海', '宁夏', '新疆', '台湾', '香港', '澳门']"
莲子,[]
莱菔子,"['北京', '天津', '河北', '山西', '内蒙古', '辽宁', '吉林', '黑龙江', '上海', '江苏', '浙江', '安徽', '福建', '江西', '山东', '河南', '湖北', '湖南', '广东', '广西', '海南', '重庆', '四川', '贵州', '云南', '西藏', '陕西', '甘肃', '青海', '宁夏', '新疆', '台湾', '香港', '澳门']"
核桃仁,"['北京', '天津', '河北', '山西', '内蒙古']"
桃仁,"['河北', '四川', '陕西']"
急性子,"['北京', '天津', '河北', '山西', '内蒙古', '辽宁', '吉林', '黑龙江', '上海', '江苏', '浙江', '安徽', '福建', '江西', '山东', '河南', '湖北', '湖南', '广东', '广西', '海南', '重庆', '四川', '贵州', '云南', '西藏', '陕西', '甘肃', '青海', '宁夏', '新疆', '台湾', '香港', '澳门']"
胖大海,[]
香橼,"['江苏', '安徽', '四川']"
韭菜子,"['北京', '天津', '河北', '山西', '内蒙古', '辽宁', '吉林', '黑龙江', '上海', '江苏', '浙江', '安徽', '福建', '江西', '山东', '河南', '湖北', '湖南', '广东', '广西', '海南', '重庆', '四川', '贵州', '云南', '西藏', '陕西', '甘肃', '青海', '宁夏', '新疆', '台湾', '香港', '澳门']"
鸦胆子,"['福建', '广东', '广西', '海南', '云南', '台湾']"
牵牛子,"['北京', '天津', '河北', '山西', '内蒙古', '辽宁', '吉林', '黑龙江', '上海', '江苏', '浙江', '安徽', '福建', '江西', '山东', '河南', '湖北', '湖南', '广东', '广西', '海南', '重庆', '四川', '贵州', '云南', '西藏', '陕西', '甘肃', '青海', '宁夏', '新疆', '台湾', '香港', '澳门']"
砂仁,[]
南鹤虱,"['北京', '天津', '河北', '山西', '内蒙古', '辽宁', '吉林', '黑龙江', '上海', '江苏', '浙江', '安徽', '福建', '江西', '山东', '河南', '湖北', '湖南', '广东', '广西', '海南', '重庆', '四川', '贵州', '云南', '西藏', '陕西', '甘肃', '青海', '宁夏', '新疆', '台湾', '香港', '澳门']"
南五味子,"['江苏', '浙江', '安徽', '河南']"
南瓜子,"['北京', '天津', '河北', '山西', '内蒙古', '辽宁', '吉林', '黑龙江', '上海', '江苏', '浙江', '安徽', '福建', '江西', '山东', '河南', '湖北', '湖南', '广东', '广西', '海南', '重庆', '四川', '贵州', '云南', '西藏', '陕西', '甘肃', '青海', '宁夏', '新疆', '台湾', '香港', '澳门']"
茺蔚子,[]
荔枝核,"['福建', '广东', '广西', '海南', '云南', '台湾']"
草果,"['广西', '贵州', '云南']"
土牛膝,"['北京', '天津', '河北', '山西', '内蒙古', '辽宁', '吉林', '黑龙江', '上海', '江苏', '浙江', '安徽', '福建', '江西', '山东', '河南', '湖北', '湖南', '广东', '广西', '海南', '重庆', '四川', '贵州', '云南', '西藏', '陕西', '甘肃', '青海', '宁夏', '新疆', '台湾', '香港', '澳门', '辽宁', '吉林', '黑龙江', '北京', '天津', '河北', '山西', '内蒙古', '辽宁', '吉林', '黑龙江', '上海', '江苏', '浙江', '安徽', '福建', '江西', '山东', '河南', '湖北', '湖南', '广东', '广西', '海南', '重庆', '四川', '贵州', '云南', '西藏', '陕西', '甘肃', '青海', '宁夏', '新疆', '台湾', '香港', '澳门']"
荜澄茄,"['江苏', '浙江', '云南']"
荜茇,"['福建', '广东', '广西', '海南']"
葫芦,"['北京', '天津', '河北', '山西', '内蒙古', '辽宁', '吉林', '黑龙江', '上海', '江苏', '浙江', '安徽', '福建', '江西', '山东', '河南', '湖北', '湖南', '广东', '广西', '海南', '重庆', '四川', '贵州', '云南', '西藏', '陕西', '甘肃', '青海', '宁夏', '新疆', '台湾', '香港', '澳门']"
胡芦巴,"['河北', '辽宁', '吉林', '黑龙江', '浙江', '安徽', '河南', '湖北', '广东', '广西', '四川', '贵州', '云南', '陕西', '甘肃', '新疆']"
胡椒,"['福建', '广西', '海南', '云南', '台湾']"
柿蒂,"['北京', '天津', '河北', '山西', '内蒙古', '辽宁', '吉林', '黑龙江', '上海', '江苏', '浙江', '安徽', '福建', '江西', '山东', '河南', '湖北', '湖南', '广东', '广西', '海南', '重庆', '四川', '贵州', '云南', '西藏', '陕西', '甘肃', '青海', '宁夏', '新疆', '台湾', '香港', '澳门']"
枸杞子,"['河北', '内蒙古', '陕西']"
栀子,"['浙江', '福建', '江西', '湖南']"
大驳骨,"['广东', '广西', '广东', '广西', '海南']"
丝瓜络,"['江苏', '浙江', '福建']"
枳椇子,"['上海', '江苏', '浙江', '安徽', '福建', '江西', '山东', '重庆', '四川', '贵州', '云南', '西藏', '北京', '天津', '河北', '山西', '内蒙古']"
枳实,"['浙江', '福建', '江西', '四川']"
枳壳,"['江西', '湖南', '四川']"
柏子仁,"['北京', '天津', '河北', '山西', '内蒙古', '辽宁', '吉林', '黑龙江', '上海', '江苏', '浙江', '安徽', '福建', '江西', '山东', '河南', '湖北', '湖南', '广东', '广西', '海南', '重庆', '四川', '贵州', '云南', '西藏', '陕西', '甘肃', '宁夏', '台湾', '香港', '澳门', '北京', '天津', '河北', '山西', '内蒙古', '辽宁', '吉林', '黑龙江', '上海', '江苏', '浙江', '安徽', '福建', '江西', '山东', '河南', '湖北', '湖南', '广东', '广西', '海南', '重庆', '四川', '贵州', '云南', '西藏', '陕西', '甘肃', '青海', '宁夏', '新疆', '台湾', '香港', '澳门']"
金樱子,"['江苏', '浙江', '安徽']"
苘麻子,"['北京', '天津', '河北', '山西', '内蒙古', '辽宁', '吉林', '黑龙江', '上海', '江苏', '浙江', '安徽', '福建', '江西', '山东', '河南', '湖北', '湖南', '广东', '广西', '海南', '重庆', '四川', '贵州', '云南', '西藏', '陕西', '甘肃', '青海', '宁夏', '新疆', '台湾', '香港', '澳门']"
苦杏仁,"['河北', '山西', '陕西']"
苦瓜,[]
郁李仁,"['内蒙古', '辽宁', '吉林', '黑龙江']"
青葙子,[]
青果,[]
青皮,"['江苏', '浙江', '安徽', '福建', '江西', '湖北', '湖南', '广东', '广西', '四川', '贵州', '云南', '陕西', '台湾']"
山芝麻,[]
土人参,['河南']
陈皮,"['福建', '广东', '广西', '台湾']"
补骨脂,"['安徽', '河南', '四川']"
诃子,"['广东', '广西', '海南', '云南']"
沙棘,"['河北', '内蒙古', '河南']"
余甘子,"['福建', '广东', '广西', '海南', '四川', '贵州', '云南', '台湾']"
猪牙皂,"['陕西', '甘肃', '上海', '江苏', '浙江', '安徽', '福建', '江西', '山东', '重庆', '四川', '贵州', '云南', '西藏', '北京', '天津', '河北', '山西', '内蒙古']"
佛手,['广东']
连翘,"['河北', '山西', '陕西']"
芡实,"['四川', '贵州', '上海', '江苏', '浙江', '安徽', '福建', '江西', '山东', '北京', '天津', '河北', '山西', '内蒙古', '辽宁', '吉林', '黑龙江']"
芥子,"['北京', '天津', '河北', '山西', '内蒙古', '辽宁', '吉林', '黑龙江', '上海', '江苏', '浙江', '安徽', '福建', '江西', '山东', '河南', '湖北', '湖南', '广东', '广西', '海南', '重庆', '四川', '贵州', '云南', '西藏', '陕西', '甘肃', '青海', '宁夏', '新疆', '台湾', '香港', '澳门']"
苍耳子,"['北京', '天津', '河北', '山西', '内蒙古', '辽宁', '吉林', '黑龙江', '上海', '江苏', '浙江', '安徽', '福建', '江西', '山东', '河南', '湖北', '湖南', '广东', '广西', '海南', '重庆', '四川', '贵州', '云南', '西藏', '陕西', '甘肃', '青海', '宁夏', '新疆', '台湾', '香港', '澳门']"
花椒,"['北京', '天津', '河北', '山西', '内蒙古', '辽宁', '吉林', '黑龙江', '上海', '江苏', '浙江', '安徽', '福建', '江西', '山东', '河南', '湖北', '湖南', '广东', '广西', '海南', '重庆', '四川', '贵州', '云南', '西藏', '陕西', '甘肃', '青海', '宁夏', '新疆', '台湾', '香港', '澳门']"
芸薹子,[]
吴茱萸,[]
红豆蔻,"['广东', '广西', '海南', '云南']"
决明子,"['江苏', '安徽']"
竹叶椒,"['陕西', '甘肃', '台湾', '上海', '江苏', '浙江', '安徽', '福建', '江西', '山东', '重庆', '四川', '贵州', '云南', '西藏']"
母丁香,"['广东', '海南']"
西瓜皮,"['北京', '天津', '河北', '山西', '内蒙古', '辽宁', '吉林', '黑龙江', '上海', '江苏', '浙江', '安徽', '福建', '江西', '山东', '河南', '湖北', '湖南', '广东', '广西', '海南', '重庆', '四川', '贵州', '云南', '西藏', '陕西', '甘肃', '青海', '宁夏', '新疆', '台湾', '香港', '澳门']"
亚麻子,"['内蒙古', '辽宁', '吉林', '黑龙江', '北京', '天津', '河北', '山西', '内蒙古', '辽宁', '吉林', '黑龙江', '上海', '江苏', '浙江', '安徽', '福建', '江西', '山东', '河南', '湖北', '湖南', '广东', '广西', '海南', '重庆', '四川', '贵州', '云南', '西藏', '陕西', '甘肃', '青海', '宁夏', '新疆', '台湾', '香港', '澳门']"
地肤子,"['北京', '天津', '河北', '山西', '内蒙古', '辽宁', '吉林', '黑龙江', '上海', '江苏', '浙江', '安徽', '福建', '江西', '山东', '河南', '湖北', '湖南', '广东', '广西', '海南', '重庆', '四川', '贵州', '云南', '西藏', '陕西', '甘肃', '青海', '宁夏', '新疆', '台湾', '香港', '澳门']"
冬葵果,"['河北', '辽宁', '黑龙江']"
冬瓜皮,"['福建', '广东', '广西', '台湾']"
白扁豆,"['江苏', '浙江', '安徽', '河南']"
白果,"['上海', '江苏', '浙江', '安徽', '福建', '江西', '山东', '广东', '广西', '海南', '北京', '天津', '河北', '山西', '内蒙古']"
龙眼肉,[]
石榴皮,"['福建', '广东', '广西', '台湾']"
水红花子,"['河北', '内蒙古', '辽宁', '吉林', '黑龙江', '北京', '天津', '河北', '山西', '内蒙古', '辽宁', '吉林', '黑龙江', '上海', '江苏', '浙江', '安徽', '福建', '江西', '山东', '河南', '湖北', '湖南', '广东', '广西', '海南', '重庆', '四川', '贵州', '云南', '西藏', '陕西', '甘肃', '青海', '宁夏', '新疆', '台湾', '香港', '澳门']"
巴豆,"['江苏', '浙江', '广西', '四川', '贵州', '云南']"
粤丝瓜络,"['广东', '广西', '海南']"
火麻仁,[]
乌梅,"['浙江', '福建', '云南']"
化橘红,"['广东', '广西', '重庆', '四川', '贵州', '云南', '西藏']"
牛蒡子,"['北京', '天津', '河北', '山西', '内蒙古', '辽宁', '吉林', '黑龙江']"
车前子,"['北京', '天津', '河北', '山西', '内蒙古', '辽宁', '吉林', '黑龙江', '上海', '江苏', '浙江', '安徽', '福建', '江西', '山东', '河南', '湖北', '湖南', '广东', '广西', '海南', '重庆', '四川', '贵州', '云南', '西藏', '陕西', '甘肃', '青海', '宁夏', '新疆', '台湾', '香港', '澳门']"
木鳖子,"['江西', '湖南', '广东', '广西', '海南', '四川']"
木蝴蝶,"['广西', '四川', '贵州', '云南']"
无患子,"['广东', '广西']"
广东王不留行,[]
七叶一枝花,"['广西', '四川', '贵州', '云南', '西藏']"
无花果,"['北京', '天津', '河北', '山西', '内蒙古', '辽宁', '吉林', '黑龙江', '上海', '江苏', '浙江', '安徽', '福建', '江西', '山东', '河南', '湖北', '湖南', '广东', '广西', '海南', '重庆', '四川', '贵州', '云南', '西藏', '陕西', '甘肃', '青海', '宁夏', '新疆', '台湾', '香港', '澳门']"
天仙子,"['内蒙古', '辽宁', '吉林', '黑龙江']"
王不留行,"['河北', '黑龙江', '山东']"
马蔺子,"['内蒙古', '辽宁', '吉林', '黑龙江']"
马兜铃,"['江苏', '山东', '河南']"
马钱子,"['福建', '广东', '广西', '台湾']"
小茴香,"['内蒙古', '北京', '天津', '河北', '山西', '内蒙古', '辽宁', '吉林', '黑龙江', '上海', '江苏', '浙江', '安徽', '福建', '江西', '山东', '河南', '湖北', '湖南', '广东', '广西', '海南', '重庆', '四川', '贵州', '云南', '西藏', '陕西', '甘肃', '青海', '宁夏', '新疆', '台湾', '香港', '澳门']"
女贞子,"['江苏', '浙江', '福建']"
千金子,"['辽宁', '吉林', '黑龙江']"
川楝子,"['河南', '湖北', '湖南', '四川', '贵州', '云南', '陕西', '甘肃']"
山茱萸,"['山西', '浙江', '安徽', '山东', '河南', '四川', '陕西']"
山楂,"['河北', '河南', '辽宁', '吉林', '黑龙江']"
大腹皮,"['海南', '云南', '台湾']"
大风子,"['福建', '广东', '广西', '海南', '云南', '台湾']"
大枣,"['河北', '山东', '河南']"
糯稻根,[]
八角茴香,"['广东', '广西', '贵州', '云南']"
刀豆,"['江苏', '安徽', '湖北', '四川']"
菝葜,"['江苏', '福建', '湖南', '四川']"
藕节,"['江苏', '福建', '湖南', '北京', '天津', '河北', '山西', '内蒙古', '辽宁', '吉林', '黑龙江', '上海', '江苏', '浙江', '安徽', '福建', '江西', '山东', '河南', '湖北', '湖南', '广东', '广西', '海南', '重庆', '四川', '贵州', '云南', '西藏', '陕西', '甘肃', '青海', '宁夏', '新疆', '台湾', '香港', '澳门']"
薤白,"['辽宁', '吉林', '黑龙江']"
藜芦,"['内蒙古', '辽宁', '吉林', '黑龙江']"
藁本,"['江西', '河南', '湖北', '湖南', '陕西', '甘肃']"
漏芦,"['内蒙古', '辽宁', '吉林', '黑龙江']"
萱草根,"['北京', '天津', '河北', '山西', '内蒙古', '辽宁', '吉林', '黑龙江', '上海', '江苏', '浙江', '安徽', '福建', '江西', '山东', '河南', '湖北', '湖南', '广东', '广西', '海南', '重庆', '四川', '贵州', '云南', '西藏', '陕西', '甘肃', '青海', '宁夏', '新疆', '台湾', '香港', '澳门']"
紫草,"['内蒙古', '西藏', '新疆']"
鹿药,"['河北', '山西', '江苏', '浙江', '安徽', '江西', '河南', '湖北', '湖南', '四川', '贵州', '陕西', '甘肃', '台湾', '辽宁', '吉林', '黑龙江']"
绵萆薢,"['浙江', '安徽', '福建', '江西']"
葱白,"['北京', '天津', '河北', '山西', '内蒙古', '辽宁', '吉林', '黑龙江', '上海', '江苏', '浙江', '安徽', '福建', '江西', '山东', '河南', '湖北', '湖南', '广东', '广西', '海南', '重庆', '四川', '贵州', '云南', '西藏', '陕西', '甘肃', '青海', '宁夏', '新疆', '台湾', '香港', '澳门']"
紫苑,"['河北', '山西', '内蒙古', '辽宁', '吉林', '黑龙江', '安徽', '陕西', '甘肃', '青海']"
续断,"['北京', '天津', '河北', '山西', '内蒙古', '辽宁', '吉林', '黑龙江', '上海', '江苏', '浙江', '安徽', '福建', '江西', '山东', '河南', '湖北', '湖南', '广东', '广西', '海南', '重庆', '四川', '贵州', '云南', '西藏', '陕西', '甘肃', '青海', '宁夏', '新疆', '台湾', '香港', '澳门']"
葛根,"['北京', '天津', '河北', '山西', '内蒙古', '辽宁', '吉林', '黑龙江', '上海', '江苏', '浙江', '安徽', '福建', '江西', '山东', '河南', '湖北', '湖南', '广东', '广西', '海南', '重庆', '四川', '贵州', '云南', '西藏', '陕西', '甘肃', '青海', '宁夏', '新疆', '台湾', '香港', '澳门']"
麻黄根,"['河北', '山西', '内蒙古', '辽宁', '吉林', '河南', '陕西', '甘肃', '宁夏', '新疆']"
商陆,[]
常山,"['四川', '贵州', '云南', '西藏']"
黄药子,"['河南', '陕西', '上海', '江苏', '浙江', '安徽', '福建', '江西', '山东', '广东', '广西', '海南', '重庆', '四川', '贵州', '云南', '西藏']"
黄连,['四川']
黄芩,"['四川', '贵州', '云南']"
浙贝母,"['江苏', '浙江', '安徽', '山东']"
拳参,"['河北', '山西', '内蒙古', '辽宁', '吉林', '陕西', '新疆']"
高良姜,"['广东', '广西', '海南', '云南', '台湾']"
狼毒,"['河北', '山西', '内蒙古', '辽宁', '吉林', '黑龙江', '河南']"
徐长卿,"['内蒙古', '辽宁', '吉林', '黑龙江']"
射干,"['北京', '天津', '河北', '山西', '内蒙古', '辽宁', '吉林', '黑龙江', '上海', '江苏', '浙江', '安徽', '福建', '江西', '山东', '河南', '湖北', '湖南', '广东', '广西', '海南', '重庆', '四川', '贵州', '云南', '西藏', '陕西', '甘肃', '青海', '宁夏', '新疆', '台湾', '香港', '澳门']"
银柴胡,"['内蒙古', '陕西', '甘肃']"
莪术,"['浙江', '福建', '江西', '湖南', '广东', '广西', '四川', '云南', '台湾']"
桔梗,[]
泽泻,[]
秦艽,"['内蒙古', '辽宁', '吉林', '黑龙江']"
穿山龙,"['内蒙古', '辽宁', '吉林', '黑龙江']"
姜黄,"['浙江', '福建', '湖北', '台湾']"
前胡,"['四川', '贵州', '云南']"
独活,"['江西', '湖北', '四川']"
重楼,"['广西', '四川', '贵州', '云南']"
香附,"['江苏', '浙江', '安徽']"
胡黄连,"['四川', '云南', '西藏']"
骨碎补,"['浙江', '福建', '台湾']"
威灵仙,"['广西', '四川', '贵州', '云南']"
荠苨,"['河北', '辽宁', '江苏', '浙江', '安徽', '山东']"
草乌,"['河北', '内蒙古', '辽宁', '吉林', '黑龙江']"
茜草,"['北京', '天津', '河北', '山西', '内蒙古', '辽宁', '吉林', '黑龙江', '上海', '江苏', '浙江', '安徽', '福建', '江西', '山东', '河南', '湖北', '湖南', '广东', '广西', '海南', '重庆', '四川', '贵州', '云南', '西藏', '陕西', '甘肃', '青海', '宁夏', '新疆', '台湾', '香港', '澳门']"
南沙参,"['河北', '山西', '内蒙古', '辽宁', '吉林', '黑龙江', '江苏', '浙江', '安徽', '福建', '江西', '山东', '广东', '广西', '四川', '贵州', '云南']"
贯众,"['河北', '河南', '陕西']"
细辛,"['安徽', '山东', '河南']"
金荞麦,"['江苏', '浙江', '安徽']"
大戟,"['河北', '上海', '江苏', '浙江', '安徽', '福建', '江西', '山东', '辽宁', '吉林', '黑龙江']"
狗脊,"['浙江', '福建', '江西', '广东']"
金果榄,"['广东', '广西', '贵州']"
知母,"['河北', '内蒙古', '辽宁', '吉林', '黑龙江', '山东', '河南', '陕西', '甘肃']"
明党参,"['江苏', '浙江', '安徽']"
虎杖,"['江苏', '浙江', '安徽']"
郁金,"['广西', '四川', '云南']"
苦参,[]
刺五加,"['河北', '山西', '辽宁', '吉林', '黑龙江']"
青木香,"['山东', '河南']"
附子,"['辽宁', '江苏', '浙江', '安徽', '江西', '山东', '河南', '湖北', '湖南', '广东', '广西', '四川', '贵州', '云南', '陕西']"
羌活,"['四川', '西藏', '陕西', '甘肃', '青海']"
苎麻根,"['山东', '河南', '陕西']"
芦根,"['北京', '天津', '河北', '山西', '内蒙古', '辽宁', '吉林', '黑龙江', '上海', '江苏', '浙江', '安徽', '福建', '江西', '山东', '河南', '湖北', '湖南', '广东', '广西', '海南', '重庆', '四川', '贵州', '云南', '西藏', '陕西', '甘肃', '青海', '宁夏', '新疆', '台湾', '香港', '澳门']"
苍术,"['山东', '河南']"
两面针,"['福建', '广东', '广西']"
赤芍,"['四川', '陕西', '甘肃', '青海']"
延胡索,"['辽宁', '吉林', '黑龙江']"
远志,"['山西', '吉林', '河南', '陕西']"
麦冬,"['浙江', '安徽', '山东']"
红景天,"['北京', '天津', '山西', '内蒙古', '辽宁', '黑龙江', '上海', '江苏', '浙江', '安徽', '福建', '江西', '山东', '河南', '湖北', '湖南', '广东', '广西', '海南', '重庆', '陕西', '青海', '宁夏', '台湾', '香港', '澳门', '重庆', '四川', '贵州', '云南', '西藏', '北京', '天津', '河北', '山西', '内蒙古', '辽宁', '吉林', '黑龙江']"
红芪,"['甘肃', '宁夏']"
防己,"['江苏', '浙江', '安徽']"
防风,"['内蒙古', '辽宁', '吉林', '黑龙江']"
朱砂根,[]
羊蹄,"['北京', '天津', '河北', '山西', '内蒙古', '辽宁', '吉林', '黑龙江', '上海', '江苏', '浙江', '安徽', '福建', '江西', '山东', '河南', '湖北', '湖南', '广东', '广西', '海南', '重庆', '四川', '贵州', '云南', '西藏', '陕西', '甘肃', '青海', '宁夏', '新疆', '台湾', '香港', '澳门']"
百部,"['福建', '湖北', '广东', '四川', '贵州']"
百合,"['北京', '天津', '河北', '山西', '内蒙古', '辽宁', '吉林', '黑龙江', '上海', '江苏', '浙江', '安徽', '福建', '江西', '山东', '河南', '湖北', '湖南', '广东', '广西', '海南', '重庆', '四川', '贵州', '云南', '西藏', '陕西', '甘肃', '青海', '宁夏', '新疆', '台湾', '香港', '澳门']"
地黄,"['河北', '辽宁', '山东', '河南', '北京', '天津', '河北', '山西', '内蒙古', '辽宁', '吉林', '黑龙江', '上海', '江苏', '浙江', '安徽', '福建', '江西', '山东', '河南', '湖北', '湖南', '广东', '广西', '海南', '重庆', '四川', '贵州', '云南', '西藏', '陕西', '甘肃', '青海', '宁夏', '新疆', '台湾', '香港', '澳门']"
白茅根,"['北京', '天津', '河北', '山西', '内蒙古', '辽宁', '吉林', '黑龙江', '上海', '江苏', '浙江', '安徽', '福建', '江西', '山东', '河南', '湖北', '湖南', '广东', '广西', '海南', '重庆', '四川', '贵州', '云南', '西藏', '陕西', '甘肃', '青海', '宁夏', '新疆', '台湾', '香港', '澳门']"
白附子,"['河北', '山西', '山东', '河南']"
白薇,"['辽宁', '吉林', '黑龙江']"
白蔹,"['上海', '江苏', '浙江', '安徽', '福建', '江西', '山东', '北京', '天津', '河北', '山西', '内蒙古']"
白芍,"['浙江', '安徽', '四川']"
白芷,"['河北', '山西', '内蒙古', '河南', '陕西']"
白前,"['江苏', '浙江', '安徽']"
白术,"['浙江', '安徽', '江西']"
白及,"['四川', '贵州', '云南']"
仙茅,"['浙江', '福建', '江西']"
石菖蒲,[]
四叶参,[]
山豆根,[]
北沙参,"['河北', '辽宁', '山东']"
平贝母,"['辽宁', '吉林', '黑龙江']"
龙胆,"['内蒙古', '辽宁', '吉林', '黑龙江']"
甘遂,"['山西', '山东', '河南', '陕西', '甘肃', '宁夏']"
藏菖蒲,"['河北', '山西', '黑龙江', '湖北', '湖南']"
玉竹,"['江苏', '安徽', '湖南', '广东', '辽宁', '吉林', '黑龙江']"
水半夏,"['广东', '广西', '云南']"
巴戟天,"['福建', '江西', '广东', '广西', '海南']"
乌药,[]
升麻,"['山西', '河南', '湖北', '四川', '云南', '西藏', '陕西', '甘肃', '青海', '宁夏']"
牛膝,"['山西', '山东', '陕西']"
太子参,"['河北', '山西', '山东', '河南', '陕西']"
木香,"['湖北', '湖南', '广东', '广西', '四川', '云南', '西藏', '陕西', '甘肃']"
木防己,"['河北', '辽宁', '陕西', '上海', '江苏', '浙江', '安徽', '福建', '江西', '山东', '重庆', '四川', '贵州', '云南', '西藏']"
天葵子,"['江苏', '浙江', '江西', '湖南']"
天花粉,"['陕西', '甘肃', '广东', '广西', '海南', '重庆', '四川', '贵州', '云南', '西藏']"
天麻,"['四川', '贵州', '云南', '西藏']"
天冬,"['四川', '贵州', '云南', '甘肃']"
飞龙掌血,"['湖南', '广西', '四川', '贵州', '陕西']"
川射干,"['江苏', '浙江', '江西', '湖北', '湖南', '广东', '广西', '陕西', '重庆', '四川', '贵州', '云南', '西藏']"
川木香,"['四川', '西藏']"
川牛膝,"['四川', '贵州', '云南']"
川贝母,"['四川', '云南', '西藏']"
川乌,"['辽宁', '江苏', '浙江', '安徽', '江西', '山东', '河南', '广西', '四川']"
川芎,['四川']
千年健,"['广西', '海南', '云南']"
千斤拔,"['福建', '湖北', '湖南', '广东', '广西', '海南', '贵州', '云南', '台湾']"
山慈菇,"['广东', '广西', '海南', '重庆', '四川', '贵州', '云南', '西藏']"
山柰,[]
山药,"['河南', '陕西']"
大蒜,"['北京', '天津', '河北', '山西', '内蒙古', '辽宁', '吉林', '黑龙江', '上海', '江苏', '浙江', '安徽', '福建', '江西', '山东', '河南', '湖北', '湖南', '广东', '广西', '海南', '重庆', '四川', '贵州', '云南', '西藏', '陕西', '甘肃', '青海', '宁夏', '新疆', '台湾', '香港', '澳门']"
野马追,"['上海', '江苏', '浙江', '安徽', '福建', '江西', '山东', '北京', '天津', '河北', '山西', '内蒙古', '辽宁', '吉林', '黑龙江']"
虫牙药,"['广西', '四川', '重庆', '四川', '贵州', '云南', '西藏']"
了哥王,"['浙江', '福建', '江西', '湖南', '广东', '广西', '贵州', '云南', '台湾']"
三丫苦,"['广东', '广西', '海南']"
卜芥,['四川']
皂角,[]
蓍草,"['江西', '河南', '湖北', '湖南']"
金礞石,"['河北', '山西', '河南']"
蓼大青叶,"['北京', '天津', '河北', '山西', '内蒙古', '辽宁', '吉林', '黑龙江', '上海', '江苏', '浙江', '安徽', '福建', '江西', '山东', '河南', '湖北', '湖南', '广东', '广西', '海南', '重庆', '四川', '贵州', '云南', '西藏', '陕西', '甘肃', '青海', '宁夏', '新疆', '台湾', '香港', '澳门']"
紫花前胡,"['江苏', '浙江', '安徽', '江西', '山东', '河南', '湖北', '湖南', '广东', '广西', '四川', '台湾']"
刺猬皮,"['北京', '天津', '河北', '山西', '内蒙古', '辽宁', '吉林', '黑龙江', '上海', '江苏', '浙江', '安徽', '福建', '江西', '山东', '河南', '湖北', '湖南', '广东', '广西', '海南', '重庆', '四川', '贵州', '云南', '西藏', '陕西', '甘肃', '青海', '宁夏', '新疆', '台湾', '香港', '澳门']"
盐蛇干,"['江苏', '浙江', '江西']"
金钱白花蛇,"['浙江', '安徽', '福建', '江西', '湖北', '湖南', '广东', '广西', '海南', '四川', '贵州', '云南', '台湾']"
珍珠母,"['广东', '广西', '海南']"
马宝,"['重庆', '四川', '贵州', '云南', '西藏', '辽宁', '吉林', '黑龙江']"
伏龙肝,"['北京', '天津', '河北', '山西', '内蒙古', '辽宁', '吉林', '黑龙江', '上海', '江苏', '浙江', '安徽', '福建', '江西', '山东', '河南', '湖北', '湖南', '广东', '广西', '海南', '重庆', '四川', '贵州', '云南', '西藏', '陕西', '甘肃', '青海', '宁夏', '新疆', '台湾', '香港', '澳门']"
玳瑁,"['福建', '山东', '广东', '海南', '台湾']"
霞草,"['山西', '山东', '河南', '甘肃', '北京', '天津', '河北', '山西', '内蒙古', '辽宁', '吉林', '黑龙江']"
小叶莲,"['湖北', '陕西', '甘肃', '青海', '宁夏']"
广东络石藤,"['福建', '广东', '广西', '海南']"
单叶蔓荆子,"['江苏', '浙江', '山东']"
榔榆皮,"['西藏', '上海', '江苏', '浙江', '安徽', '福建', '江西', '山东', '北京', '天津', '河北', '山西', '内蒙古']"
禹州漏芦,"['河北', '山西', '内蒙古', '辽宁', '山东', '河南', '陕西', '甘肃']"
丁香罗勒油,"['福建', '广东', '广西', '四川', '云南']"
莨菪叶,"['河北', '山西', '内蒙古', '河南', '陕西']"
鸡爪大黄,"['四川', '西藏', '甘肃', '青海']"
龙齿,"['山西', '内蒙古', '河南', '四川', '陕西', '甘肃', '青海']"
南山楂,"['山西', '江苏', '浙江', '江西', '河南', '湖北', '湖南', '陕西']"
青牛胆,"['湖北', '湖南', '贵州', '云南', '陕西']"
伊贝母,"['河北', '内蒙古', '新疆']"
生姜皮,"['北京', '天津', '河北', '山西', '内蒙古', '辽宁', '吉林', '黑龙江', '上海', '江苏', '浙江', '安徽', '福建', '江西', '山东', '河南', '湖北', '湖南', '广东', '广西', '海南', '重庆', '四川', '贵州', '云南', '西藏', '陕西', '甘肃', '青海', '宁夏', '新疆', '台湾', '香港', '澳门']"
白马骨,"['江苏', '浙江', '福建', '江西', '广东', '广西', '四川', '贵州']"
大叶紫珠,"['广东', '广西', '贵州', '云南']"
水茴香,"['福建', '广东', '广西', '四川', '台湾']"
鼠曲草,"['上海', '江苏', '浙江', '安徽', '福建', '江西', '山东', '广东', '广西', '海南', '重庆', '四川', '贵州', '云南', '西藏']"
水朝阳,"['四川', '贵州', '云南', '甘肃']"
九层塔,"['北京', '天津', '河北', '山西', '内蒙古', '辽宁', '吉林', '黑龙江', '上海', '江苏', '浙江', '安徽', '福建', '江西', '山东', '河南', '湖北', '湖南', '广东', '广西', '海南', '重庆', '四川', '贵州', '云南', '陕西', '新疆', '台湾', '香港', '澳门']"
宽筋藤,"['广东', '广西', '海南', '云南']"
鬼针草,[]
荨麻,"['内蒙古', '辽宁', '吉林', '黑龙江']"
红天葵,"['浙江', '福建', '江西', '湖南', '广东', '广西', '海南', '四川', '贵州', '云南']"
金沸草,[]
红鱼眼,"['广东', '广西', '海南', '云南']"
凤尾草,"['江西', '广东', '广西', '四川', '云南']"
走马胎,"['福建', '江西', '广东', '广西']"
大叶桉叶,"['广西', '重庆', '四川', '贵州', '云南', '西藏']"
刺苋菜,"['上海', '江苏', '浙江', '安徽', '福建', '江西', '山东', '广东', '广西', '海南', '重庆', '四川', '贵州', '云南', '西藏']"
掌叶半夏,"['河北', '山西', '河南', '陕西', '甘肃', '浙江', '湖南', '江西', '福建', '云南', '贵州', '四川', '重庆', '广西', '广东', '海南']"
白背叶根,"['福建', '湖南', '广东', '广西']"
汉桃叶,"['浙江', '广东', '广西', '贵州']"
地不容,"['湖南', '广东', '广西', '贵州']"
蝉花,"['浙江', '四川', '云南']"
铁包金,"['福建', '广东', '广西', '台湾']"
五指毛,"['广东', '重庆', '四川', '贵州', '云南', '西藏']"
溪黄草,"['浙江', '福建', '广东', '广西', '台湾']"
小飞扬草,"['福建', '广东', '广西', '海南', '台湾']"
鸭脚木皮,"['浙江', '福建', '广东', '广西', '海南', '贵州', '台湾']"
鹰不泊,"['福建', '广东', '海南', '台湾']"
肾茶,[]
叶下珠,[]
榕树叶,[]
青天葵,[]
石蒜,"['河南', '陕西', '上海', '江苏', '浙江', '安徽', '福建', '江西', '山东', '广东', '广西', '海南', '重庆', '四川', '贵州', '云南', '西藏']"
牛耳枫,[]
扭肚藤,[]
广东海桐皮,"['广东', '广西']"
火炭母,"['福建', '广东', '广西', '海南', '台湾']"
剑花,"['广东', '广西', '海南']"
广昆布,['广东']
假芫茜,"['广东', '广西', '海南', '云南']"
黄花倒水莲,"['福建', '江西', '湖南', '广东', '广西', '云南']"
猴耳环,"['福建', '广东', '广西', '海南']"
葫芦茶,"['福建', '江西', '广东', '广西', '海南', '贵州', '云南']"
黄皮核,"['福建', '广东', '广西', '海南', '贵州']"
广枣,"['福建', '广东', '广西']"
湖北贝母,"['湖北', '湖南', '四川']"
梓实,"['北京', '天津', '河北', '山西', '内蒙古', '辽宁', '吉林', '黑龙江']"
菊苣,"['新疆', '辽宁', '吉林', '黑龙江']"
胆南星,"['北京', '天津', '河北', '山西', '内蒙古', '辽宁', '吉林', '黑龙江', '上海', '江苏', '浙江', '安徽', '福建', '江西', '山东', '河南', '湖北', '湖南', '广东', '广西', '海南', '重庆', '四川', '贵州', '云南', '西藏', '陕西', '甘肃', '青海', '宁夏', '新疆', '台湾', '香港', '澳门']"
红大戟,"['福建', '广东', '广西', '四川', '云南']"
辣蓼,[]
藜,[]
卷柏,"['北京', '天津', '河北', '山西', '内蒙古', '辽宁', '吉林', '黑龙江', '上海', '江苏', '浙江', '安徽', '福建', '江西', '山东', '河南', '湖北', '湖南', '广东', '广西', '海南', '重庆', '四川', '贵州', '云南', '西藏', '陕西', '甘肃', '青海', '宁夏', '新疆', '台湾', '香港', '澳门']"
广升麻,[]
水河剑,"['浙江', '湖南', '江西', '福建', '云南', '贵州', '四川', '重庆', '广西', '广东', '海南']"
狗肝菜,"['福建', '广东', '广西', '台湾']"
岗稔根,"['广东', '广西', '海南', '云南']"
倒扣草,"['福建', '广东', '广西', '海南', '四川', '贵州', '云南']"
寻骨风,"['江苏', '浙江', '安徽']"
鼠李,"['河北', '山东', '辽宁', '吉林', '黑龙江']"
石蝉草,"['福建', '广东', '广西', '贵州', '云南', '台湾']"
十萼茄,"['福建', '江西', '湖南', '广东', '四川', '云南', '台湾']"
毛草龙,"['重庆', '四川', '贵州', '云南', '西藏']"
回回蒜,"['陕西', '甘肃', '北京', '天津', '河北', '山西', '内蒙古', '辽宁', '吉林', '黑龙江']"
黄蜀葵,"['上海', '江苏', '浙江', '安徽', '福建', '江西', '山东', '北京', '天津', '河北', '山西', '内蒙古']"
元宝草,"['江苏', '安徽', '河南']"
小檗皮,"['河北', '山西', '内蒙古', '辽宁', '吉林', '黑龙江', '山东', '陕西']"
苦荬菜,"['北京', '天津', '河北', '山西', '内蒙古', '辽宁', '吉林', '黑龙江', '上海', '江苏', '浙江', '安徽', '福建', '江西', '山东', '河南', '湖北', '湖南', '广东', '广西', '海南', '重庆', '四川', '贵州', '云南', '西藏', '陕西', '甘肃', '青海', '宁夏', '新疆', '台湾', '香港', '澳门']"
马尾连,"['辽宁', '吉林', '山东', '甘肃', '青海']"
土三七,"['河北', '江苏', '广东', '广西', '四川', '云南']"
兔儿伞,"['上海', '江苏', '浙江', '安徽', '福建', '江西', '山东', '北京', '天津', '河北', '山西', '内蒙古', '辽宁', '吉林', '黑龙江']"
珍珠菜,"['上海', '江苏', '浙江', '安徽', '福建', '江西', '山东', '广东', '广西', '海南', '重庆', '四川', '贵州', '云南', '西藏', '北京', '天津', '河北', '山西', '内蒙古', '辽宁', '吉林', '黑龙江']"
日草根,"['吉林', '黑龙江']"
博落回,"['广东', '广西', '台湾', '重庆', '四川', '贵州', '云南', '西藏', '北京', '天津', '河北', '山西', '内蒙古', '辽宁', '吉林', '黑龙江', '上海', '江苏', '浙江', '安徽', '福建', '江西', '山东', '河南', '湖北', '湖南', '广东', '广西', '海南', '重庆', '四川', '贵州', '云南', '西藏', '陕西', '甘肃', '青海', '宁夏', '新疆', '台湾', '香港', '澳门']"
广东紫荆皮,"['福建', '广东', '海南', '四川', '云南']"
广东土牛膝,"['福建', '江西', '广东', '广西', '海南', '云南']"
广东海风藤,"['广东', '广西', '海南', '贵州', '云南']"
广东狼毒,"['福建', '江西', '湖南', '广东', '广西', '海南', '四川', '贵州', '云南', '台湾']"
广东合欢花,"['福建', '广东', '广西', '海南', '台湾']"
云南草蔻,['云南']
樟柳头,"['广东', '广西', '海南', '云南', '台湾']"
阴香根,"['福建', '广东', '广西', '海南', '云南']"
野棉花,"['湖南', '四川', '贵州', '云南', '西藏']"
白花银背藤,"['广西', '贵州', '云南']"
