名字,组成
厚朴七物汤,"['厚朴', '甘草', '大黄', '大枣', '枳实', '桂枝', '生姜']"
桂枝人参汤,"['桂枝', '甘草炙', '白术', '人参', '干姜']"
乌头桂枝汤,"['乌头', '桂枝', '芍药', '甘草炙', '生姜', '大枣']"
麻黄连翘赤小豆汤,"['麻黄', '连翘', '杏仁尖', '赤小豆', '大枣擘', '生梓白', '生姜', '甘草炙']"
文蛤汤,"['文蛤', '麻黄', '甘草', '生姜', '石膏', '杏仁', '大枣']"
柴胡桂枝汤,"['桂枝', '黄芩', '芍药', '人参', '甘草炙', '夏洗', '大枣擘', '生姜', '柴胡']"
一物瓜蒂散,['瓜蒂']
文蛤散,['文蛤']
黄芪芍药桂枝苦酒汤,"['黄芪', '芍药', '桂枝']"
白虎加桂枝汤,"['知母', '石膏碎', '甘草炙', '粳米合', '桂枝']"
麻黄杏仁薏苡甘草汤,"['麻黄', '杏仁', '薏苡仁', '甘草']"
麻黄加术汤,"['麻黄', '桂枝', '甘草炙', '杏仁尖', '白术']"
桂枝二越婢一汤,"['桂枝', '芍药', '麻黄', '甘草炙', '大枣擘', '生姜', '石膏碎', '绵裹']"
桂枝麻黄各半汤,"['桂枝', '芍药', '生姜', '甘草', '麻黄', '大枣', '杏仁']"
桂枝二麻黄一汤,"['桂枝', '芍药', '麻黄', '生姜', '杏仁尖', '甘草炙', '大枣擘']"
逍遥散,"['用法甘草', '当归', '茯苓', '白芍', '白术', '柴胡', '煨姜', '薄荷少许共煎汤', '温服']"
膈下逐瘀汤,"['灵脂', '川芎', '桃仁', '红花', '生地', '当归', '赤芍', '枳壳', '桔梗', '甘草', '柴胡', '玄参']"
金锁固精丸,"['沙苑', '蒺藜', '芡实', '莲须', '龙骨酥炙', '牡蛎']"
茯苓杏仁甘草汤,"['茯苓', '杏仁', '甘草']"
枳实薤白桂枝汤,"['枳实', '厚朴', '薤白', '桂枝', '栝楼实']"
三物白散,"['桔梗', '巴豆尖', '熬黑', '研如脂', '贝母']"
葶苈丸,['葶苈子']
杏子汤,['杏仁']
泽漆汤,"['紫参', '泽漆', '生姜', '白前', '甘草', '黄芩', '人参', '桂枝']"
四逆汤,"['附子', '生用', '破片', '干姜', '甘草']"
生脉散,"['麦门冬', '人参', '味子']"
六神散,"['人参', '白茯苓', '干山药', '白术', '白扁豆', '炙甘草']"
七味白术散,"['人参', '白茯苓', '白术', '藿香叶', '木香', '甘草', '葛根', '渴者']"
资生丸,"['人参', '白术', '白茯苓', '广陈', '山楂', '甘草', '怀山药', '川黄连', '薏苡仁', '白扁豆', '白豆蔻仁', '藿香叶', '莲肉', '泽泻', '桔梗', '芡实粉', '麦芽']"
玉屏风散,"['防风', '黄芪蜜炙', '白术']"
升阳益胃汤,"['黄芪', '人参', '炙甘草', '独活', '防风', '白芍', '羌活', '茯苓', '柴胡', '泽泻', '白术', '黄连']"
补中益气汤,"['黄芪', '炙甘草', '人参', '当归', '酒干晒干', '不白', '柴胡', '白术']"
炙甘草汤,"['炙甘草', '生姜', '人参', '生地黄', '桂枝', '阿胶', '麦门冬', '麻仁', '大枣']"
拯阳理劳汤,"['人参', '黄芪', '白术', '当归', '味子', '肉桂', '炙甘草', '生姜片', '红枣']"
保元汤,"['人参', '黄芪', '甘草', '肉桂至']"
黑布药膏,"['老黑醋', '倍子', '金头蜈蚣条', '蜂蜜', '梅花冰片']"
独参汤,['人参']
香砂六君子汤,"['人参', '白术', '茯苓', '炙甘草', '木香', '砂仁', '生姜']"
异功散,"['人参', '白术', '茯苓', '炙甘草']"
六君子汤,"['人参', '白术', '茯苓', '炙甘草', '大枣', '生姜片']"
四君子汤,"['人参芦', '白术', '茯苓', '甘草炙']"
大青龙汤,"['麻黄', '桂枝', '甘草', '杏仁粒', '石膏如鸡子大', '生姜', '大枣']"
小青龙汤,"['麻黄', '芍药', '细辛', '干姜', '甘草', '桂枝', '味子']"
泻白散,"['地骨', '桑白', '甘草炙']"
旋覆代赭汤,"['旋覆花', '人参', '生姜', '代赭石', '甘草炙', '夏洗', '大枣擘']"
血府逐瘀汤,"['桃仁', '红花', '当归', '生地黄', '川芎', '赤芍', '牛膝', '桔梗', '柴胡', '枳壳', '甘草']"
小蓟饮子,"['生地黄', '小蓟', '滑石', '蒲黄', '淡竹叶', '当归', '山栀子', '木通', '炙甘草']"
消风散,"['当归', '生地黄', '防风', '蝉蜕', '知母', '苦参', '胡麻仁', '荆芥', '苍术', '牛蒡子', '石膏', '甘草', '木通']"
小柴胡汤,"['柴胡', '黄芩', '人参', '甘草', '生姜', '大枣']"
小陷胸汤,"['黄连', '夏洗', '瓜蒌实大者']"
阳和汤,"['熟地黄', '白芥子', '鹿角胶', '肉桂', '研粉', '麻黄', '姜炭', '生甘草']"
杏苏散,"['苏叶', '杏仁', '茯苓', '前胡', '桔梗', '枳壳', '甘草', '生姜片', '大枣']"
桑杏汤,"['桑叶杏仁', '沙参', '象贝', '香豉']"
玉女煎,"['石膏至', '熟地黄至', '麦冬', '知母牛膝']"
金匮肾气丸,"['干地黄', '山茱萸', '山药', '泽泻', '茯苓', '牡丹', '桂枝', '附子']"
银翘散,"['金银花', '连翘', '桔梗', '薄荷', '竹叶', '生甘草', '荆芥穗', '淡豆豉', '牛蒡子']"
茵陈蒿汤,"['茵陈', '栀子', '大黄']"
止痢汤,"['马齿苋', '地绵草', '凤尾草']"
紫雪,"['石膏', '寒水石', '滑石', '磁石', '犀角屑', '羚羊角屑', '沉香', '青木香', '玄参', '甘草炙', '丁香', '芒硝制', '硝石精制', '麝香研', '朱砂飞研', '黄金百']"
朱砂安神丸,"['朱砂另研', '水飞为衣', '黄连须', '酒洗', '炙甘草', '生地黄', '当归']"
至宝丹,"['生乌犀屑', '朱砂研飞', '雄黄研飞', '生玳瑁屑研', '琥珀研', '麝香研龙脑研', '金箔入药', '为衣银箔研', '牛黄研', '安息香', '为末', '以无灰酒搅澄飞过', '滤沙土', '约得净数', '慢火熬成膏']"
白虎汤,"['石膏', '知母', '甘草', '粳米合']"
桂枝汤,"['桂枝', '芍药', '甘草炙', '生姜', '大枣']"
泻心汤,"['大黄', '黄连', '黄芩']"
止嗽散,"['桔梗', '荆芥', '紫菀', '百部', '白前', '甘草']"
羌活胜湿汤,"['羌活', '独活', '藁本', '防风', '炙甘草', '川芎', '蔓荆子']"
真武汤,"['茯苓', '白芍', '白术', '生姜', '炮附子']"
生肌散,"['石膏', '轻粉', '赤石脂', '黄丹', '龙骨', '血竭', '乳香', '樟脑']"
黑虎丹,"['灵磁石', '母丁香', '公丁香', '全蝎只约', '僵蚕只约', '炙甲片', '炙蜈蚣', '蜘蛛只', '麝香', '牛黄', '冰片']"
密陀僧散,"['雄黄', '硫黄', '蛇床子', '密陀僧', '石黄', '轻粉']"
三品一条枪,"['明矾', '砒石', '雄黄', '乳香']"
五倍子汤,"['倍子', '朴硝', '桑寄生', '莲房', '荆芥']"
枯痔散,"['白矾', '蟾酥', '轻粉', '白砒', '天灵盖块']"
紫草油,"['紫草', '香油', '冰片']"
三黄洗剂,"['大黄', '黄柏', '黄芩', '苦参']"
桃花散,"['白石灰份', '大黄份']"
一扫光,"['苦参', '黄柏', '烟胶', '木鳖肉', '蛇床子', '点红椒', '明矾', '枯矾', '硫黄', '大风子肉', '樟脑', '水银', '轻粉', '白砒']"
鹅黄散,"['绿豆粉', '黄柏', '轻粉', '滑石饯']"
颠倒散,"['大黄', '硫黄']"
立马回疔丹,"['蟾酥', '硇砂', '轻粉', '白丁香', '蜈蚣条', '雄黄', '朱砂', '乳香', '麝香字', '金顶砒']"
阳和解凝膏,"['鲜牛蒡', '鲜白凤仙梗', '川芎', '附子', '桂枝', '大黄', '当归', '肉桂', '草乌', '川乌', '地龙', '僵蚕', '赤芍', '白芷', '白蔹', '白及', '乳香', '没药', '官桂', '续断', '防风', '荆芥', '灵脂', '木香', '香橼', '苏合油', '麝香', '大麻油']"
先期汤,"['生地黄', '川当归', '白芍', '黄柏', '知母', '黄芩', '黄连', '川芎', '阿胶', '艾叶', '香附', '炙甘草']"
鲫鱼膏,"['鲫鱼', '火麻仁', '乳香', '没药', '巴豆', '轻粉', '土贝母', '桑枝尺']"
八宝丹,"['珍珠', '牛黄', '琥珀', '煅龙骨', '轻粉—', '冰片', '煅炉甘石']"
黑退消,"['生川乌', '生草乌', '生南星', '生夏', '生磁石', '公丁香', '肉桂', '制乳香', '制没药', '甘松', '硇砂', '冰片', '麝香']"
甘遂通结汤,"['甘遂末', '桃仁', '木香', '生牛膝', '川朴', '赤芍', '大黄']"
太乙膏,"['肉桂', '白芷', '当归', '玄参', '赤芍', '生地黄', '大黄', '土木鳖', '槐枝段', '柳枝段', '阿魏', '轻粉', '血余', '东丹', '乳香', '没药', '麻油']"
回阳玉龙膏,"['草乌', '煨于姜', '赤芍', '白芷', '煨天南星', '肉桂']"
桂麝散,"['麻黄', '细辛', '肉桂', '丁香', '皂角', '生夏', '天南星', '麝香', '冰片']"
大黄甘遂汤,"['大黄', '甘遂', '阿胶']"
肠粘连缓解汤,"['川朴', '木香', '莱菔子', '当归', '肉苁蓉', '乌药', '桃仁', '赤芍', '芒硝', '番泻叶', '党参', '黄精']"
大承气汤,"['大黄', '厚朴', '枳实', '芒硝合']"
秦艽扶羸汤,"['柴胡', '人参', '鳖甲', '秦艽', '地骨', '紫菀', '甘草', '当归']"
胆道排石汤,"['金草', '茵陈', '郁金', '枳壳', '木香', '生大黄']"
桂枝加附子汤,"['桂枝', '芍药', '甘草', '生姜', '大枣', '附子']"
犀角升麻汤,"['犀角', '防风', '羌活', '川芎', '白附子', '白芷', '黄芩', '炙甘草']"
黄芩散,"['黄芩', '赤茯苓', '麦门冬', '石膏', '葛根', '甘菊花', '炙甘草']"
桂枝加黄芪汤,"['桂枝', '芍药', '甘草', '生姜', '大枣', '黄芪']"
水解散,"['甘草', '大黄', '麻黄']"
大造丸,"['紫河车具', '龟板', '黄柏', '杜仲', '牛膝', '天门冬', '麦门冬', '人参', '生地黄']"
易筒地黄饮子,"['生地黄', '黄芪', '熟地黄', '甘草', '天门冬', '麦门冬', '石斛', '枇杷叶', '枳壳', '泽泻', '人参']"
耳聋左慈丸,"['磁石', '熟地黄', '山茱萸', '牡丹', '山药', '茯苓', '泽泻', '北味子', '石菖蒲']"
升阳举经汤,"['肉桂', '白芍', '红花', '细辛', '人参', '熟地黄', '川芎', '独活', '炮附子', '炙甘草', '羌活', '藁本', '防风', '白术', '当归', '黄芪', '柴胡', '桃仁']"
丁桂散,"['丁香', '肉桂']"
千捶膏,"['松香', '巴豆粒', '蓖麻仁', '杏仁', '乳香', '没药', '铜绿']"
坎离砂,"['麻黄', '归尾', '附子', '透骨草', '红花', '干姜', '桂枝', '牛膝', '白芷', '荆芥', '防风', '木瓜', '生艾绒', '羌活', '独活', '铁砂']"
铁箍散,"['芙蓉叶', '黄柏', '大黄', '倍子', '白及']"
玉露散,['芙蓉叶']
金黄散,"['天花粉', '大黄', '黄柏', '姜黄', '白芷', '天南星', '苍术', '厚朴', '甘草']"
越鞠丸,"['香附', '川芎', '苍术', '神曲', '栀子']"
阿魏膏,"['羌活', '独活', '玄参', '官桂', '赤芍', '穿山甲', '生地黄', '头尖', '大黄', '白芷', '天麻', '红花', '槐枝', '柳枝', '桃枝', '木鳖子', '头发团']"
神仙化痞膏,"['当归', '川芎', '赤芍', '黄连', '黄芩', '丁香', '生地黄', '草乌', '巴豆', '红花', '肉桂', '黄柏', '栀子', '苏木', '川乌', '大黄', '穿山甲', '蜈蚣', '白花蛇', '桃枝', '柳枝', '枣枝', '黄丹', '铅粉', '松香', '黄蜡', '乳香', '没药', '血竭', '天竺黄', '轻粉', '硇砂', '胡黄连', '麝香', '阿魏']"
通关散,"['皂角', '细辛']"
苦酒汤,"['鸡子', '苦酒适量']"
滋阴降火汤,"['白芍', '当归', '川芎', '黄柏', '生知母', '天花粉', '生甘草', '熟地黄—', '玄参', '桔梗', '竹沥']"
金果饮,"['地黄', '玄参', '麦冬', '胖大海']"
铁笛丸,"['当归', '怀熟地黄', '怀生地黄', '天门冬', '黄柏', '知母', '麦门冬', '玄参', '白茯苓', '诃子', '阿胶', '人乳', '牛乳', '乌梅肉', '甜梨汁']"
清音丸,"['桔梗', '诃子肉', '甘草', '青黛', '硼砂', '冰片']"
清咽宁嗽汤,"['桔梗', '栀子', '黄芩', '桑白', '甘草', '前胡', '知母', '贝母']"
银翘马勃散,"['连翘', '牛蒡子', '金银花', '射干', '马勃']"
玉屑无忧散,"['玄参', '荆芥穗', '滑石', '黄连', '缩砂仁', '白茯苓', '贯众', '炙甘草', '山豆根', '寒水石', '硼砂']"
清热泻脾散,"['栀子', '生地黄', '黄芩', '茯苓', '煅石膏', '黄连', '灯草']"
泻黄散,"['藿香叶', '山栀仁', '石膏', '甘草', '防风']"
凉血四物汤,"['当归', '生地黄', '川芎', '赤芍', '黄芩', '赤茯苓', '红花', '生甘草']"
消风养血汤,"['荆芥', '蔓荆子', '菊花', '白芷', '麻黄', '桃仁', '红花', '防风', '川芎', '当归', '草决明', '石决明', '白芍', '甘草']"
泻青丸,"['龙胆草', '大黄', '防风', '羌活', '川芎', '当归', '山栀']"
托里透脓汤,"['人参', '白术', '穿山甲', '白芷', '甘草', '当归', '黄芪', '皂角刺']"
代刀散,"['皂角刺', '黄芪', '甘草', '乳香']"
透脓散,"['生黄芪', '当归', '穿山甲', '皂角刺', '川芎']"
回阳三建汤,"['附子', '人参', '黄芪', '当归', '川芎', '茯苓', '枸杞', '萸肉', '木香', '甘草', '紫草', '厚朴', '苍术', '红花', '独活']"
小金丹,"['白胶香', '制草乌', '灵脂', '地龙', '制木鳖', '制没药', '制乳香', '当归身', '麝香', '陈墨']"
六应丸,"['丁香', '蟾酥', '雄黄', '牛黄', '珍珠', '冰片']"
犀黄丸,"['犀黄', '麝香', '乳香', '没药']"
萆薢渗湿汤,"['萆薢', '薏苡仁', '黄柏', '赤苓', '牡丹', '泽泻', '滑石', '通草']"
顾步汤,"['黄芪', '金钗石斛', '当归', '金银花', '牛膝', '紫花地丁', '蒲公英', '菊花', '人参', '甘草']"
四妙勇安汤,"['金银花', '玄参', '当归', '甘草']"
五香流气饮,"['金银花', '僵蚕', '连翘', '羌活', '独活', '瓜蒌仁', '小茴香', '藿香', '丁香', '木香', '沉香甘草']"
五神汤,"['金银花', '紫花地丁', '茯苓', '车前子', '牛膝']"
瓜蒌牛蒡汤,"['瓜蒌仁', '牛蒡子', '花粉', '黄芩', '生栀子', '连翘', '皂刺', '金银花', '生甘草', '柴胡']"
枇杷清肺饮,"['枇杷叶', '桑白', '黄连', '黄柏', '人参', '甘草']"
牛蒡解肌汤,"['牛蒡子', '薄荷', '荆芥', '连翘', '山栀子', '牡丹', '石斛', '玄参', '夏枯草']"
七星剑,"['野菊花', '苍耳草', '稀莶草', '枝莲', '地丁草', '麻黄', '草河车']"
当归活血汤,"['当归', '红花', '生地黄', '赤芍', '川芎', '紫草']"
内疏黄连汤,"['黄连', '芍药', '当归', '槟榔', '木香', '黄芩', '薄荷', '山栀子', '桔梗', '甘草', '连翘']"
银花解毒汤,"['金银花', '地丁草', '犀角', '赤苓', '连翘', '牡丹', '川连', '夏枯草']"
银花甘草汤,"['金银花', '生甘草']"
五味消毒饮,"['金银花', '野菊花', '蒲公英', '紫花地丁', '紫背天葵子']"
赤小豆当归散,"['赤小豆', '当归']"
银苇合剂,"['金银花', '连翘', '桔梗', '杏仁', '红藤', '鱼腥草', '冬瓜子', '桃仁', '鲜芦根尺']"
薏苡附子败酱散,"['薏苡仁', '附子', '败酱']"
参芦散,['人参芦']
急救稀涎散,"['皂荚挺', '白矾']"
瓜蒂散,"['瓜蒂', '赤小豆']"
甘草粉蜜汤,['甘草']
驱绦汤,"['南瓜子仁', '槟榔']"
肥儿丸,"['神曲', '黄连', '肉豆蔻', '使君子', '麦芽', '槟榔', '木香']"
化虫丸,"['胡粉', '鹤虱', '槟榔', '苦楝根', '枯白矾']"
安蛔汤,"['人参', '白术', '茯苓', '干姜', '花椒', '乌梅']"
使君子丸,"['使君子', '厚朴', '川芎']"
胆道蛔虫汤,"['木香', '槟榔', '大黄', '使君子', '苦楝', '厚朴', '延胡索']"
椒梅汤,"['川椒', '乌梅', '生白芍', '人参', '黄连', '黄芩', '干姜', '枳实']"
易黄汤,"['山药', '芡实', '黄柏', '车前子', '白果']"
止带丸,"['当归', '川芎', '白术', '人参', '山药', '杜仲', '香附', '破故纸', '牡蛎', '椿根', '续断', '青黛']"
清带汤,"['生山药', '生龙骨', '生牡蛎', '海螵蛸', '茜草']"
完带汤,"['白术', '山药', '人参', '白芍', '车前子', '苍术', '甘草', '黑荆穗', '柴胡']"
威喜丸,"['黄蜡', '白茯苓']"
秘精丸,"['煅牡蛎', '菟丝子', '生龙骨', '味子', '韭子', '桑螵蛸', '白茯苓', '煅白石脂']"
秘元煎,"['远志', '山药', '芡实', '枣仁', '白术', '茯苓', '炙甘草', '人参', '味子粒', '金樱子核']"
十四味建中汤,"['当归', '白芍', '白术', '甘草', '人参', '麦门冬', '川芎', '肉桂', '附子', '肉苁蓉', '黄芪', '茯苓', '熟地黄']"
固真丸,"['菟丝子', '煅牡蛎', '金樱子', '茯苓']"
三才封髓丹,"['人参', '天门冬', '熟地黄', '黄柏', '砂仁', '甘草']"
茯菟丸,"['菟丝子', '白茯苓', '石莲子']"
桑螵蛸散,"['桑螵蛸', '远志', '菖蒲', '龙骨', '人参', '茯神', '当归', '龟甲']"
水陆二仙丹,"['芡实', '金樱子']"
膏淋汤,"['生山药', '生芡买', '生龙骨', '生牡蛎', '大生地黄', '潞党参', '生杭芍']"
治浊固本丸,"['莲花须', '黄连白茯苓', '砂仁', '益智仁', '黄柏', '炙甘草', '猪苓']"
巩堤丸,"['熟地黄', '菟丝子酒煮', '白术', '北味子', '酒益智仁', '酒补骨脂', '制附子', '茯苓', '家韭子']"
固脬丸,"['制菟丝子', '茴香', '附子', '桑螵蛸', '戎盐']"
固肠汤,"['酸石榴', '黄连', '地榆', '醋炙罂粟壳', '茯苓']"
诃子皮散,"['御米壳', '炮干姜', '诃子']"
脾肾双补丸,"['人参', '莲肉', '菟丝子', '味子', '山茱萸肉', '真怀山药', '车前子', '肉豆蔻', '橘红', '巴戟天', '补骨脂']"
真人养脏汤,"['人参', '当归', '白术', '肉豆蔻', '白芍', '诃子', '肉桂', '炙甘草', '木香', '罂粟壳']"
桃花汤,"['赤石脂', '干姜', '粳米']"
赤石脂禹余粮汤,"['碎赤石脂', '碎禹余粮']"
黄芪建中汤,"['黄芪', '桂枝', '芍药', '甘草', '生姜', '大枣', '饴糖']"
桂枝甘草龙骨牡蛎汤,"['桂枝', '炙甘草', '龙骨', '牡蛎']"
交泰丸,"['川黄连', '肉挂']"
生铁落饮,"['天门冬', '麦门冬', '贝母', '胆南星', '橘红', '远志肉', '石菖蒲', '连翘', '茯苓', '茯神', '元参', '钩藤', '丹参', '辰砂', '生铁落']"
百合地黄汤,"['百合', '生地黄汁']"
甘草小麦大枣汤,"['甘草', '小麦', '大枣']"
孔圣枕中丹,"['龟板', '龙骨', '远志', '菖蒲']"
安神定志丸,"['茯苓', '茯神', '人参', '远志', '石菖蒲', '龙齿']"
珍珠母丸,"['珍珠母', '当归', '熟地黄', '芦人参', '酸枣', '柏子仁', '犀角', '茯神', '沉香', '龙齿']"
养心汤,"['当归身', '生地黄', '熟地黄', '茯神', '人参', '麦门冬', '味子粒', '柏子仁', '酸枣仁', '炙甘草']"
酸枣仁汤,"['酸枣仁', '甘草', '知母', '茯苓', '川芎']"
黄连阿胶汤,"['黄连', '黄芩', '芍药', '鸡子黄', '阿胶']"
五虎追风散,"['蝉蜕', '天南星', '明天麻', '带尾全虫', '僵蚕条']"
撮风散,"['炙蜈蚣条', '钩藤', '朱砂', '僵蚕', '蝎尾', '麝香']"
止痉散,"['全蝎', '蜈蚣']"
牵正散,"['白附子', '白僵蚕', '全蝎']"
玉真散,"['天南星', '防风', '白芷', '天麻', '羌活', '白附子']"
建瓴汤,"['生怀山药', '怀牛膝', '生赭石', '生龙骨', '生牡蛎', '生怀地黄', '生杭芍', '柏子仁']"
阿胶鸡子黄汤,"['陈阿胶', '生白芍', '杵石决明', '双钩藤', '大生地黄', '清炙草', '杵生牡蛎', '络石藤', '茯神木', '鸡子黄']"
大建中汤,"['花椒', '干姜', '人参', '饴糖']"
三甲复脉汤,"['炙甘草', '干地黄', '生白芍', '不麦门冬', '阿胶', '麻仁', '生牡蛎', '生鳖甲', '生龟甲']"
钩藤散,"['钩藤', '麦门冬', '茯苓', '木茯神', '芦人参', '梗甘菊花', '钗股防风', '炙甘草', '生石膏']"
资寿解语汤,"['羌活', '芦头防风', '脐附子', '天麻', '羚羊角屑', '酸枣仁', '炙甘草']"
羚角钩藤汤,"['羚角片', '霜桑叶', '京川贝', '鲜生地黄', '双钩藤', '滁菊花', '茯神木', '生白芍', '生甘草', '鲜刮淡竹茹']"
卫生防疫宝丹,"['甘草', '细辛', '白芷', '薄荷', '冰片', '朱砂']"
菖蒲郁金汤,"['石菖蒲', '栀子', '鲜竹叶', '牡丹', '郁金', '连翘', '木通', '竹沥冲', '玉枢丹']"
甘草干姜汤,"['炙甘草', '干姜']"
胃关煎,"['熟地黄至', '山药', '白扁豆', '炙甘草', '干姜至', '吴茱萸至', '白术至']"
益黄散,"['丁香', '诃子', '甘草']"
逐寒荡惊汤,"['肉桂', '炮姜', '丁香', '胡椒', '灶土']"
厚朴温中汤,"['厚朴', '炙甘草', '草豆蔻', '茯苓', '木香', '干姜', '生姜片']"
小建中汤,"['桂枝', '芍药', '甘草', '生姜片', '大枣', '饴糖']"
茯苓四逆汤,"['茯苓', '人参', '生附子', '炙甘草', '干姜']"
六味回阳饮,"['人参', '制附子', '炮姜', '炙甘草', '熟地黄', '当归身']"
回阳救急汤,"['熟附子', '干姜', '肉桂', '人参', '白术', '茯苓', '甘草', '味子', '麝香厘临服时入汤内调服', '生姜片']"
参附汤,"['人参', '附子']"
黑锡丹,"['黑锡', '硫磺', '金铃子', '葫芦巴', '木香', '附子', '肉豆蔻', '破故纸', '沉香', '茴香', '阳起石', '肉桂']"
五味子汤,"['味子', '麦门冬', '人参', '杏仁', '生姜片', '大枣']"
九仙散,"['人参', '款冬花', '桑白', '桔梗', '味子', '阿胶', '乌梅', '贝母', '御米壳']"
人参蛤蚧散,"['蛤蚧对', '人参', '茯苓', '知母', '贝母', '桑白', '甘草', '杏仁']"
补肺汤,"['人参', '黄芪', '北味', '紫菀', '桑白', '熟地黄']"
金水六君煎,"['当归', '熟地黄', '夏饯', '茯苓', '炙甘草', '生姜至片']"
补肺阿胶散,"['阿胶', '牛蒡子', '杏仁', '马兜铃', '炙甘草', '糯米']"
木防己汤,"['木防己', '石膏', '桂枝', '人参']"
皂荚丸,['皂荚']
桔梗汤,"['桔梗', '甘草']"
三子养亲汤,"['白芥子', '苏子', '莱菔子']"
定喘汤,"['白果', '麻黄', '苏子', '甘草', '款冬花', '杏仁', '蜜炙桑白', '黄芩', '法夏']"
射干麻黄汤,"['射干', '麻黄', '生姜', '细辛', '紫菀', '款冬花', '大枣', '味子']"
黛蛤散,"['青黛', '煅蛤粉']"
二母散,"['知母', '贝母']"
贝母瓜蒌散,"['贝母', '瓜蒌', '花粉', '茯苓', '橘红']"
清燥救肺汤,"['桑叶', '石膏', '甘草', '人参', '胡麻仁', '阿胶', '杏仁', '麦门冬', '杏仁', '枇杷叶']"
葶苈大枣泻肺汤,"['葶苈子', '大枣']"
五虎汤,"['麻黄', '杏仁', '甘草', '腊茶', '石膏']"
麻黄杏仁甘草石膏汤,"['麻黄', '杏仁', '甘草', '石膏']"
金沸草散,"['前胡', '荆芥', '姜夏', '赤芍', '细辛', '炙甘草', '旋覆花']"
柴胡达原饮,"['柴胡', '生枳壳', '川朴', '炙甘草', '黄芩', '桔梗', '草果', '槟榔', '荷叶梗']"
十味温胆汤,"['枳实', '白茯苓', '酸枣仁', '远志', '子熟地黄', '人参', '粉草']"
华盖散,"['麻黄', '苏子', '桑白', '杏仁', '赤茯苓', '炙甘草']"
三拗汤,"['麻黄', '杏仁', '甘草']"
消瘿五海饮,"['海带', '海藻', '昆布', '海蛤壳', '海螵蛸', '木香', '莪术', '桔梗', '细辛', '香附', '猪胰子']"
四海舒郁丸,"['青木香', '海蛤粉', '海带', '海藻', '昆布', '海螵蛸']"
海藻玉壶汤,"['海藻', '贝母', '昆布', '川芎', '当归', '连翘', '甘草', '独活', '海带']"
消瘰丸,"['元参', '醋研牡蛎', '川贝母']"
内消瘰疬丸,"['夏枯草', '玄参', '天花粉', '甘草', '青盐', '白蔹', '当归', '海藻', '枳壳', '桔梗', '川贝母', '制大黄', '薄荷', '连翘', '海蛤粉', '生地黄', '硝石']"
夏枯草膏,"['夏枯草', '当归', '白芍', '玄参', '乌药', '浙贝母', '僵蚕', '昆布', '桔梗', '甘草', '川芎', '红花', '香附']"
指迷茯苓丸,"['茯苓', '枳壳', '风化朴硝']"
半夏散,"['桂枝', '炙甘草']"
达原饮,"['槟榔', '厚朴', '草果知母', '芍药', '黄芩', '甘草']"
常山饮,"['常山', '草果', '槟榔', '知母', '贝母', '乌梅', '煨生姜片', '大枣']"
黄连温胆汤,"['川黄连', '竹茹', '枳实', '甘草', '生姜', '茯苓']"
正容汤,"['羌活', '白附子', '防风', '秦艽', '胆南星', '白僵蚕', '制夏', '木瓜', '甘草', '茯神木']"
白金丸,"['白矾', '郁金']"
三生饮,"['生南星', '木香', '生川乌', '生附子']"
温胆汤,"['竹茹', '麸枳实', '茯苓', '炙甘草', '生姜片', '大枣']"
半夏秫米汤,['秫米']
甘遂半夏汤,"['甘遂', '芍药', '炙甘草']"
泽泻汤,"['泽泻', '白术']"
控涎丹,"['甘遂', '大戟', '白芥子']"
茯苓桂枝白术甘草汤,"['茯苓', '桂枝', '白术', '甘草']"
导痰汤,"['炮天南星', '橘红', '麸瓤枳实', '赤茯苓', '炙甘草']"
升阳除湿防风汤,"['泔浸苍术', '防风', '白术', '白茯苓', '白芍']"
鸡鸣散,"['槟榔', '木瓜', '吴茱萸', '桔梗', '和生姜', '紫苏茎叶']"
甘露消毒丹,"['飞滑石', '淡黄芩', '绵茵陈', '石菖蒲', '川贝母', '木通', '藿香', '连翘', '白豆蔻', '薄荷', '射干']"
连朴饮,"['制厚朴', '姜汁川连', '石菖蒲', '制夏', '香豉', '焦栀', '芦根']"
藿朴夏苓汤,"['藿香', '赤苓', '杏仁', '生苡仁', '白蔻仁', '通草', '猪苓', '淡豆豉', '泽泻', '厚朴']"
萆薢分清饮,"['川萆薢', '益智仁', '石菖蒲', '乌药']"
栝楼瞿麦丸,"['栝楼根', '茯苓直', '薯蓣', '炮附子', '瞿麦']"
化阴煎,"['生地黄', '熟地黄', '牛膝', '猪苓', '泽泻', '生黄柏', '生知母', '绿豆', '龙胆草', '车前子']"
石韦散,"['毛石韦', '瞿麦', '滑石', '车前子', '冬葵子']"
五淋散,"['赤茯苓', '芦当归', '甘草生用', '芦赤芍', '山栀子仁']"
千金鲤鱼汤,"['鲤鱼尾', '白术', '茯苓', '芍药', '当归', '生姜']"
茵陈五苓散,"['茵陈', '泽泻', '猪苓', '茯苓', '白术']"
通关丸,"['黄柏', '知母', '肉桂']"
五皮散,"['生姜', '桑白', '陈橘', '大腹', '茯苓']"
导水茯苓汤,"['赤茯苓', '麦门冬', '泽泻', '白术', '桑白', '大腹', '紫苏', '槟榔', '木瓜', '木香', '砂仁']"
甘草干姜茯苓白术汤,"['甘草', '白术', '干姜', '茯苓']"
钱氏白术散,"['人参', '白术', '藿香叶', '茯苓', '木香', '甘草', '葛根']"
实脾散,"['炮附子', '白术', '白茯苓', '干姜', '厚朴', '木瓜', '木香', '草果仁', '大腹子', '甘草', '生姜片', '大枣']"
防己茯苓汤,"['防己', '黄芪', '桂枝', '茯苓', '甘草']"
胃苓汤,"['苍术', '厚朴', '茯苓', '猪苓', '泽泻', '官桂', '白术', '甘草']"
猪苓汤,"['猪苓', '茯苓', '泽泻', '滑石', '阿胶']"
四苓散,"['茯苓', '猪苓', '泽泻', '白术']"
回生再造丸,"['水安息', '人参', '蕲蛇', '当归', '川芎', '川连', '羌活', '防风', '玄参', '乳香', '白芷', '茯苓', '麻黄', '天麻', '川萆薢', '姜黄', '甘草', '肉桂', '白蓬仁', '何首乌', '琥珀', '黄氏', '大黄', '草豆蔻', '雄鼠粪', '熟地黄', '芽山甲', '全蝎', '威灵仙', '葛根', '桑寄生', '细辛', '赤芍', '乌药', '於术', '僵蚕', '乳香', '没药', '辰砂', '骨碎补香附', '天竺黄', '附子', '龟板', '沉香', '丁香', '胆星', '红花', '犀角', '厚朴', '地龙', '松香', '木香', '冰片', '牛黄', '血竭', '虎胫骨']"
小活络丹,"['制川乌', '制草乌', '制南星', '地龙', '乳香', '没药']"
大活络丹,"['白花蛇', '乌梢蛇', '麻黄', '细辛', '全蝎', '头尖', '赤芍', '贯众', '防风', '葛根', '没药', '血竭', '朱砂', '乌犀屑', '地龙', '炙甘草', '丁香', '白僵蚕', '乳香', '麝香', '片脑', '官桂', '草豆蔻', '川羌活', '虎胫骨', '玄参', '牛黄', '威灵山', '天麻', '藿香', '天竺黄', '败龟板', '人参', '何首乌', '白芷', '乌药', '安息香', '黑附子', '香附', '白豆蔻', '骨碎补', '黄连', '茯苓', '黄芩', '白术', '熟地黄', '松香脂', '大黄', '当归', '木香', '沉香']"
大秦艽汤,"['秦艽', '川芎', '独活', '当归', '白芍', '石膏', '甘草', '羌活', '防风', '白芷', '黄芩', '白术', '茯苓', '生地黄', '熟地黄', '细辛']"
宣痹汤,"['防己', '杏仁', '滑石', '连翘', '栀子', '薏苡仁', '夏醋', '晚蚕沙', '赤小豆']"
桑枝虎杖汤,"['桑枝', '虎杖根', '金雀根', '臭梧桐', '红枣']"
豨桐丸,"['豨莶草', '臭梧桐叶']"
身痛逐瘀汤,"['秦艽', '川芎', '桃仁', '红花', '甘草', '羌活', '没药', '当归', '灵脂', '香附', '牛膝', '地龙']"
除湿蠲痹汤,"['苍术', '白术', '茯苓', '羌活', '泽泻', '甘草', '姜汁匙', '竹沥匙']"
薏苡仁汤,"['薏苡仁', '当归', '川芎', '生姜', '桂枝', '羌活', '独活', '防风', '白术', '草乌', '川乌', '麻黄']"
防风汤,"['防风', '甘草', '当归', '赤茯苓', '杏仁', '桂枝', '黄芩', '秦艽', '葛根', '麻黄']"
桂枝芍药知母汤,"['桂枝', '芍药', '甘草', '麻黄', '知母', '生姜', '白术', '防风', '附子']"
桂枝附子汤,"['桂枝', '附子', '炙甘草', '生姜', '大枣']"
白术附子汤,"['附子', '白术', '生姜', '炙甘草', '大枣']"
黄芪桂枝五物汤,"['黄芪', '桂枝', '芍药', '生姜', '大枣']"
五痹汤,"['片姜黄', '炙甘草', '羌活', '白术', '防己']"
蠲痹汤,"['当归', '羌活', '姜黄', '黄芪', '白芍', '防风', '甘草']"
乌头汤,"['麻黄', '黄芪', '芍药', '炙甘草', '川乌']"
附子汤,"['附子', '茯苓', '人参', '白术', '芍药']"
安冲汤,"['白术', '生黄芪', '生龙骨捣细', '生牡蛎捣细', '大生地', '生杭芍', '海螵蛸捣细', '茜草', '川续断']"
苎根汤,"['苎麻根', '干地黄', '当归', '芍药', '阿胶', '炙甘草']"
过期饮,"['当归', '白芍', '熟地黄', '香附', '川芎', '红花', '桃仁', '莪术', '木通', '炙甘草', '肉桂']"
四乌鲗骨一芦茹丸,"['乌贼骨份', '茜草份']"
胶艾汤,"['川芎', '烊化阿胶']"
柏叶汤,"['侧柏叶', '干姜', '艾叶']"
崩证极验方,"['生地黄', '白芍', '黄芩', '黄连', '牡丹', '焦山栀', '莲须', '地榆', '牡蛎', '甘草']"
清经散,"['牡丹', '地骨', '白芍', '熟地黄', '青蒿', '茯苓', '盐水黄柏']"
地榆散,"['地榆', '黄芪', '枳壳', '槟榔', '黄芩', '赤芍', '当归']"
荆芩四物汤,"['生地黄', '当归', '川芎', '白芍', '荆芥', '黄芩']"
知柏四物汤,"['生地黄', '当归', '川芎', '白芍', '知母', '黄柏']"
四物加黄芩黄连汤,"['生地黄', '当归', '白芍', '川芎', '黄芩', '黄连']"
三鲜饮,"['鲜茅根', '鲜藕', '鲜小蓟根']"
咳血方,"['水飞青黛', '诃子', '油瓜蒌仁', '海浮石', '黑栀子']"
四生丸,"['生荷叶', '生艾叶', '生柏叶', '生地黄']"
除风益损汤,"['熟地黄', '当归', '白芍', '川芎', '藁本', '前胡', '防风']"
跌打丸,"['没药', '乳香', '麻黄', '自然铜', '当归', '川芎', '土鳖虫', '血竭', '马子', '麝香']"
理冲汤,"['生山药', '天花粉', '知母', '黄芪', '莪术', '鸡内金', '党参', '白术']"
通瘀煎,"['当归尾饯', '山楂', '香附', '红花', '乌药', '木香', '泽泻']"
温经汤,"['吴茱萸', '麦门冬', '当归', '芍药', '川芎', '人参', '桂枝', '阿胶', '牡丹', '生姜', '甘草']"
宫外孕方,"['号：丹参', '赤芍', '桃仁']"
桂枝茯苓丸,"['桂枝', '茯苓', '牡丹', '桃仁', '芍药']"
鳖甲煎丸,"['炙鳖甲', '赤硝', '蜣螂', '芍药', '牡丹', '土蟞虫', '蜂巢', '乌扇', '柴胡', '黄芩', '鼠妇', '干姜', '大黄', '桂枝', '厚朴', '石韦', '紫葳', '炙阿胶', '瞿麦', '桃仁', '葶苈', '夏人参']"
大黄蛰虫丸,"['大黄', '黄芩', '甘草', '桃仁', '杏仁', '芍药', '干地黄', '干漆', '虻虫', '水蛭百', '蛴螬', '蛰虫']"
当归芍药散,"['当归', '芍药', '泽泻', '川芎', '茯苓', '白术']"
复方当归注射液,"['当归', '川芎', '红花']"
复方丹参注射液,"['丹参', '降香']"
丹参饮,"['丹参', '檀香', '砂仁']"
柴胡细辛汤,"['柴胡', '土鳖虫', '丹参', '制夏', '泽兰', '当归', '川芎', '细辛', '薄荷', '黄连']"
活络效灵丹,"['当归', '丹参', '乳香', '没药']"
当归拈痛汤,"['羌活', '甘草', '茵陈', '防风', '苍术', '当归身', '知母', '猪苓', '泽泻', '白术', '黄芩', '葛根', '人参', '苦参']"
失笑散,"['灵脂', '蒲黄']"
当归饮子,"['当归', '白芍', '川芎', '生地黄', '白蒺藜', '防风', '荆芥穗', '何首乌', '黄芪', '炙甘草']"
助阳止痒汤,"['黄芪', '桃仁', '红花', '皂刺', '赤芍', '山甲']"
桃红饮,"['桃仁', '红花', '当归尾', '川芎', '威灵仙']"
脱花煎,"['当归', '川芎', '牛膝', '车前子', '肉桂', '红花']"
下瘀血汤,"['大黄', '桃仁', '䗪虫']"
抵当汤,"['水蛭', '虻虫', '桃仁', '大黄']"
通窍活血汤,"['赤芍', '川芎', '桃仁', '红花', '生姜', '麝香厘', '老葱根', '大枣']"
会厌逐瘀汤,"['桃仁', '红花', '生地黄', '当归', '赤芍', '枳壳', '桔梗', '柴胡', '玄参', '甘草']"
少腹逐瘀汤,"['小茴香粒', '干姜', '延胡索', '官桂', '没药', '川芎', '赤芍', '灵脂', '蒲黄', '当归']"
桃红四物汤,"['白芍', '川当归', '熟地黄', '川芎', '桃仁', '红花']"
丁香柿蒂汤,"['丁香', '柿蒂', '人参', '生姜']"
橘皮竹茹汤,"['竹茹', '大枣', '生姜', '甘草', '人参']"
小半夏汤,['生姜']
暖肝煎,"['当归', '枸杞', '乌药', '小茴香', '茯苓', '沉香', '肉桂', '生姜片']"
橘核丸,"['橘核', '海藻', '昆布', '海带', '川楝子', '桃仁', '厚朴', '木通', '枳实', '延胡索', '肉桂', '木香']"
天台乌药散,"['乌药', '木香', '茴香', '青橘', '高良姜', '槟榔', '川楝子']"
四磨汤,"['人参', '槟榔', '沉香', '天台乌药']"
金铃子散,"['金铃子', '玄胡索']"
失笑丸,"['干姜', '炙甘草', '麦芽', '白茯苓', '白术', '人参', '厚朴', '枳实', '黄连']"
中满分消丸,"['白术', '人参', '炙甘草', '猪苓', '姜黄', '白茯苓', '干姜', '砂仁', '泽泻', '知母', '黄芩', '黄连', '汤洗夏', '枳实', '姜厚朴']"
黄连汤,"['黄连', '炙甘草', '干姜', '桂枝', '人参', '擘大枣']"
芍药甘草汤,"['芍药', '炙甘草']"
柴胡加龙骨牡蛎汤,"['柴胡', '龙骨', '生姜', '人参', '桂枝', '茯苓', '洗夏合', '黄芩', '铅丹', '大黄', '熬牡蛎', '擘大枣']"
己椒苈黄丸,"['防己', '椒目', '熬葶苈', '大黄']"
禹功散,"['头末黑牵牛', '茴香']"
疏凿饮子,"['泽泻', '赤小豆', '商陆', '芦羌活', '大腹', '椒目', '木通', '芦秦艽', '槟榔', '茯苓']"
通幽汤,"['桃仁泥', '红花', '生地黄', '熟地黄', '当归身', '炙甘草']"
济川煎,"['当归至', '牛膝', '酒洗肉苁蓉', '泽泻', '麻至', '枳壳', '虚甚者不必用']"
五仁丸,"['桃仁', '麸杏仁', '柏子仁厘', '郁李仁', '松子仁陈另研末']"
半硫丸,['硫黄']
青麟丸,"['当归', '生地黄', '黄柏', '连翘', '薄荷', '青盐', '石斛', '猪苓', '茯苓', '玄参', '牡丹', '地骨', '薏仁米', '泽泻', '车前子', '知母', '侧柏', '木通', '甘草', '鲜藕', '甘蔗', '韭菜']"
新加黄龙汤,"['细生地黄', '生甘草', '人参', '另煎', '生大黄', '芒硝', '玄参', '连麦门冬', '当归', '海参条', '姜汁匙']"
温脾汤,"['大黄', '附子大者', '干姜', '人参', '甘草']"
增液承气汤,"['生地黄', '麦门冬', '大黄', '芒硝', '玄参']"
开胸顺气丸,"['槟榔', '牵牛子', '木香', '姜制厚朴', '醋制棱', '醋制莪术', '猪牙皂']"
木香槟榔丸,"['木香', '槟榔', '莪术', '烧枳壳', '黄连', '黄柏', '大黄', '香附子', '牵牛末']"
宣白承气汤,"['生石膏', '生大黄', '杏仁粉', '栝楼']"
大黄甘草汤,"['大黄', '炙甘草']"
大陷胸汤,"['大黄', '芒硝', '甘遂匕']"
桃核承气汤,"['桃核', '大黄', '桂枝', '炙甘草', '芒硝']"
厚朴三物汤,"['厚朴', '大黄', '枳实']"
当归六黄汤,"['当归', '生地黄', '黄芩', '黄柏', '黄连', '熟地黄', '黄芪倍']"
柴前梅连散,"['柴胡', '前胡', '胡黄连', '乌梅']"
秦艽鳖甲散,"['柴胡', '鳖甲', '地骨', '秦艽', '当归', '知母']"
清骨散,"['银柴胡', '胡黄连', '秦艽', '鳖甲', '地骨', '青蒿', '知母', '甘草']"
清肾汤,"['知母', '黄柏', '龙骨', '牡蛎', '白芍', '山药', '乌贼骨', '茜草', '泽泻']"
蒿芩清胆汤,"['青蒿脑至', '淡竹茹', '仙夏', '赤茯苓', '青子芩至', '生枳壳', '广陈', '碧玉散']"
清心莲子饮,"['黄芩', '麦门冬', '地骨', '车前子', '石莲肉', '茯苓', '黄芪', '人参', '甘草']"
清宫汤,"['玄参', '莲子', '竹叶卷', '连翘', '犀角尖', '连麦门冬']"
固真汤,"['柴胡', '羌活', '炙甘草', '泽泻', '草龙胆', '知母', '黄柏']"
清震汤,"['苍术', '荷叶张']"
三豆饮子,"['赤小豆', '黑豆', '绿豆', '甘草']"
清燥汤,"['黄芪', '白术', '泽泻', '茯苓', '炙甘草', '麦门冬', '当归', '生地', '黄神曲', '猪苓', '柴胡', '黄柏', '黄连', '苍术']"
二妙散,"['黄柏', '苍术']"
当归贝母苦参丸,"['当归', '贝母', '苦参']"
香连化滞丸,"['厚朴', '枳实', '黄芩', '黄连', '当归', '白芍', '滑石', '木香', '甘草', '槟榔']"
葛根黄芩黄连汤,"['葛根', '甘草', '黄芩', '黄连']"
栀子柏皮汤,"['栀子', '炙甘草', '黄柏']"
银黄片,"['金银花提取物', '黄芩苷', '药比例为：', '制成片剂']"
清瘟败毒饮,"['生石膏', '中剂至', '小剂至)', '生地黄', '中剂至', '小剂至)', '黄连', '中剂至', '小剂至)', '栀子', '桔梗', '黄芩', '知母', '赤芍', '玄参', '连翘', '竹叶', '甘草']"
化斑汤,"['石膏', '知母', '廿草', '玄参', '犀角', '白粳米合']"
神犀丹,"['犀角', '生地黄', '香豉', '连翘', '黄芩', '板蓝根', '金银花', '元参', '花粉', '石菖蒲', '紫草']"
竹叶汤,"['竹叶把', '葛根', '防风', '桔梗', '桂枝', '人参', '甘草', '炮附子', '大枣', '生姜']"
三物黄芩汤,"['黄芩', '苦参', '干地黄']"
清络饮,"['鲜荷叶边', '鲜金银花', '西瓜翠衣', '鲜扁豆花枝', '丝瓜', '鲜竹叶']"
清空膏,"['川芎', '柴胡', '黄连', '防风', '羌活', '炙甘草', '黄芩']"
连附六一汤,"['黄连', '附子', '生姜片', '红枣']"
清凉涤暑法,"['滑石', '连翘', '茯苓', '生甘草', '青蒿', '白扁豆', '通草', '西瓜翠衣片']"
竹叶石膏汤,"['竹叶把', '石膏', '人参', '甘草', '粳米', '麦门冬']"
栀子豉汤,"['栀子', '香豉合']"
石膏汤,"['生石膏', '黄连', '黄柏', '黄芩', '香豉', '麻黄']"
大金花丸,"['黄连', '黄芩', '黄柏', '栀子', '生大黄']"
白虎加人参汤,"['知母', '石膏', '甘草', '粳米合', '人参']"
桂枝加大黄汤,"['桂枝', '白芍药', '生姜', '大黄', '大枣', '甘草']"
小续命汤,"['麻黄', '防己', '人参', '黄芩', '甘草', '芍药', '川芎', '杏仁', '附子', '防风', '生姜']"
再造散,"['黄芪', '人参', '桂枝', '甘草', '熟附子', '细辛', '羌活', '防风', '川芎', '煨生姜']"
参苏饮,"['人参', '紫苏叶', '干葛', '前胡', '茯苓', '枳壳', '桔梗', '木香', '甘草']"
宣毒发表汤,"['葛根', '牛蒡子', '连翘', '前胡', '杏仁', '木通', '竹叶', '防风', '荆芥', '桔梗', '薄荷', '甘草']"
竹叶柳蒡汤,"['西河柳', '荆芥穗', '干葛', '蝉蜕', '薄荷叶', '鼠粘子', '知母', '玄参', '甘草', '麦门冬', '竹叶片', '甚者石膏', '冬米撮']"
升麻葛根汤,"['白芍', '甘草', '葛根']"
菊花茶调散,"['菊花', '川芎', '荆芥穗', '羌活', '甘草', '白芷', '细辛', '防风', '僵蚕', '蝉蜕', '薄荷']"
羌蓝汤,"['羌活', '板蓝根']"
辛夷散,"['辛夷', '细辛', '藁本', '川芎', '木通', '防风', '羌活', '甘草', '白芷']"
苍耳散,"['辛夷仁', '苍耳子', '香白芷', '薄荷叶']"
清上蠲痛汤,"['当归', '川芎', '白芷', '羌活', '防风', '苍术', '麦门冬', '独活', '细辛', '甘草', '蔓荆子', '菊花', '黄芩']"
散偏汤,"['白芍', '川芎', '郁李仁', '柴胡', '白芥子', '香附', '甘草', '白芷']"
侯氏黑散,"['菊花', '白术', '细辛', '茯苓', '牡蛎', '桔梗', '防风', '人参', '矾石', '黄芩', '当归', '干姜', '川芎', '桂枝']"
升降散,"['白僵蚕', '蝉蜕', '大黄', '姜黄']"
桂枝加龙骨牡蛎汤,"['桂枝', '芍药', '生姜', '甘草', '大枣', '牡蛎', '龙骨']"
双解散,"['防风通圣散', '益元散']"
防风通圣散,"['防风', '川芎', '当归', '芍药', '大黄', '薄荷叶', '麻黄', '连翘', '芒硝', '石膏', '黄芩', '桔梗', '滑石', '甘草荆芥', '白术', '栀子']"
苏羌达表汤,"['苏叶至', '防风至', '光杏仁至', '羌活至—', '白芷至', '广橘红至', '鲜生姜至', '浙茯苓至']"
神术散,"['苍术', '藁本', '白芷', '细辛', '羌活', '川芎', '甘草—']"
香薷散,"['香薷', '白扁豆', '厚朴']"
桂枝去芍药加蜀漆牡蛎龙骨救逆汤,"['桂枝', '甘草', '生姜', '大枣', '牡蛎', '蜀漆', '龙骨']"
香苏散,"['香附子', '紫苏叶', '甘草']"
葱豉汤,"['葱白虎口', '淡豆豉']"
五积散,"['苍术', '桔梗', '枳壳', '芍药', '白芷', '川芎', '当归', '甘草', '肉桂', '茯苓', '厚朴干姜', '麻黄']"
午时茶,"['茅术', '柴胡', '连翘', '白芷', '川朴', '枳实', '楂肉', '羌活', '前胡', '防风', '藿香', '甘草', '建曲', '川芎', '陈茶', '桔梗', '麦芽', '苏叶']"
葛根汤,"['葛根', '麻黄', '桂枝', '生姜', '甘草', '芍药', '大枣']"
荆防败毒散,"['羌活', '柴胡', '前胡', '独活', '枳壳', '茯苓', '荆芥', '防风', '桔梗', '川芎', '甘草']"
柴葛解肌汤,"['柴胡', '干葛', '甘草', '黄芩', '羌活', '白芷', '芍药', '桔梗', '生姜', '大枣', '石膏']"
栝楼桂枝汤,"['栝楼根', '桂枝', '芍药', '甘草', '生姜', '大枣']"
桂枝加厚朴杏子汤,"['桂枝', '芍药', '生姜', '甘草', '大枣', '厚朴', '杏仁']"
越婢汤,"['麻黄', '石膏', '生姜', '甘草', '大枣']"
桂枝加葛根汤,"['桂枝', '芍药', '生姜', '甘草', '大枣', '葛根']"
桂枝加芍药汤,"['桂枝', '芍药', '甘草', '生姜', '大枣']"
麻黄附子细辛汤,"['麻黄附子', '细辛']"
二仙汤,"['仙茅', '仙灵脾', '巴戟天', '知母', '黄柏', '当归']"
补肾强身片,"['淫羊藿', '菟丝子', '金樱子', '女贞子', '狗脊']"
五子补肾丸,"['菟丝子', '味子', '枸杞子', '覆盆子', '车前子']"
毓麟珠,"['人参', '白术', '茯苓', '芍药', '川芎', '炙甘草', '当归', '熟地黄', '菟丝子', '杜仲', '鹿角霜', '川椒']"
赞育丹,"['熟地黄', '白术', '当归', '枸杞子', '杜仲', '仙茅', '巴戟天', '山茱萸', '淫羊霍', '肉苁蓉', '韭菜子', '蛇床子', '附子', '肉桂']"
菟丝子丸,"['菟丝子', '鹿茸', '石龙芮', '肉桂', '附子', '石斛', '熟地', '黄茯苓', '牛膝', '续断', '山茱萸', '肉苁蓉', '防风', '杜仲', '补骨脂', '荜澄茄', '沉香', '巴戟天', '茴香', '味子', '桑螵蛸', '川芎', '覆盆子', '泽泻']"
无比山药丸,"['山药', '肉苁蓉', '味子', '菟丝子', '杜仲', '牛膝', '泽泻', '干地黄', '山茱萸', '茯神', '巴戟天', '赤石脂']"
济生肾气丸,"['附子炮', '白茯苓', '泽泻', '山茱萸', '山药', '车前子', '牡丹', '官桂', '川牛膝', '熟地黄']"
龟鹿二仙胶,"['鹿角', '龟甲', '人参', '枸杞子']"
右归饮,"['熟地可至', '山药', '山茱萸', '枸杞', '炙甘草', '姜制杜仲', '肉桂', '制附子']"
右归丸,"['大怀熟地', '山药', '微山茱萸', '微枸杞', '珠鹿角胶', '制菟丝子', '姜汤杜仲', '当归', '肉桂可至', '制附子可至']"
全鹿丸,"['中鹿', '人参', '黄芪', '白术', '茯苓', '当归', '川芎', '生地黄', '熟地黄', '天门冬', '麦门冬', '炙甘草', '补骨脂', '川续断', '杜仲', '川牛膝', '枸杞子', '巴戟天', '胡芦巴', '干山药', '芡实子', '菟丝子', '味子', '覆盆子', '楮实子', '锁阳', '肉苁蓉', '秋石', '川椒', '小茴香', '青盐', '沉香']"
增液汤,"['玄参', '麦门冬', '生地黄']"
五汁饮,"['梨汁', '荸荠汁', '鲜苇根汁', '麦冬汁', '藕汁用蔗汁']"
启膈散,"['沙参', '丹参', '茯苓', '川贝母', '郁金', '砂仁壳', '荷叶蒂', '杵头糠']"
甘露饮子,"['熟地黄', '生地黄', '天门冬', '麦门冬', '枇杷叶', '黄芩', '石斛', '枳壳', '甘草', '茵陈']"
益胃汤,"['沙参', '麦门冬', '冰糖', '细生地', '香玉竹']"
消渴方,"['黄连末', '天花粉末', '人乳汁亦可用牛乳代替', '藕汁', '生地黄汁']"
玉液汤,"['生山药', '生黄芪', '知母', '生鸡内金捣细', '葛根', '味子', '天花粉']"
二冬汤,"['天门冬', '麦门冬', '天花粉', '黄芩', '知母', '荷叶', '甘草', '人参']"
月华丸,"['天门冬', '麦门冬', '生地黄', '熟地黄', '山药', '百部', '沙参', '川贝母', '阿胶', '茯苓', '獭肝']"
养阴清肺汤,"['大生地', '麦门冬', '玄参', '生甘草', '贝母', '牡丹', '薄荷', '白芍']"
沙参麦冬汤,"['沙参', '玉竹', '生甘草', '桑叶', '生扁豆', '天花粉', '麦门冬']"
一贯煎,"['北沙参', '麦门冬', '当归', '生地黄', '枸杞子', '川檩子']"
桑麻丸,"['桑叶', '黑芝麻', '白蜜']"
滋阴大补丸,"['熟地黄', '牛膝', '山药', '山茱萸', '杜仲', '茯苓', '巴戟天', '味子', '小茴香', '肉苁蓉', '远志', '石菖蒲', '甘杞子']"
虎潜丸,"['酒黄柏', '洒炙龟板', '酒知母', '熟地黄', '白芍药', '锁阳', '炙虎骨', '干姜']"
滋水清肝饮,"['熟地黄', '山药', '山茱萸', '牡丹', '茯苓', '泽泻', '白芍', '栀子', '酸枣仁', '当归', '柴胡']"
保阴煎,"['生地黄', '熟地黄', '芍药', '山药', '续断', '黄芩', '黄柏', '生甘草']"
拯阴理劳汤,"['人参', '麦门冬', '白芍', '生地黄', '女贞子', '龟板', '当归', '薏苡仁', '橘红', '牡丹', '莲子肉', '百合', '炙甘草', '大枣']"
七宝美髯丹,"['赤白何首乌', '白茯苓', '牛膝', '当归', '枸杞', '菟丝子', '补骨脂']"
还少丹,"['熟地黄', '山药', '牛膝', '枸杞子', '山萸肉', '茯苓', '杜仲', '远志', '味子', '石菖蒲', '楮实', '小茴香', '巴戟天', '肉苁蓉']"
加减复脉汤,"['炙甘草', '干地黄', '生白芍', '麦门冬', '阿胶', '麻仁']"
左归饮,"['熟地黄至', '山药', '枸杞', '炙甘草', '茯苓', '山茱萸', '畏酸者少用之']"
补肾养血汤,"['熟地黄', '补骨脂', '菟丝子饼', '丹参', '茺蔚子', '枸杞子', '当归', '杜仲', '白芍', '山茱萸', '肉苁蓉', '红花胡桃仁']"
小温中丸,"['童便浸香附', '苍术', '白术', '苦参', '姜汁黄连', '醋针砂']"
绛矾丸,"['皂矾裹烧红', '杜苍术', '真川朴', '焦甘草']"
壮筋养血汤,"['当归', '白芍', '川续断', '杜仲', '生地黄', '川芎', '红花', '牡丹', '牛膝']"
补肝汤,"['当归', '白芍', '熟地黄', '炙甘草', '川芎', '木瓜', '酸枣仁']"
羊肝丸,"['黄连', '羊肝具']"
通乳丹,"['人参', '黄芪', '当归', '麦门冬', '木通', '桔梗', '猪蹄']"
当归生姜羊肉汤,"['当归', '生姜', '羊肉']"
安奠二天汤,"['人参', '熟地黄', '白术', '山药', '山茱萸', '炙甘草', '杜仲', '枸杞子', '扁豆']"
当归散,"['当归', '黄芩', '芍药', '川芎', '白术']"
大补元煎,"['人参少则用多则用', '山药', '熟地黄少则用多则用', '杜仲', '当归', '山茱萸枸杞', '炙甘草饯']"
寿胎丸,"['菟丝子', '桑寄生', '续断', '阿胶']"
泰山磐石饮,"['人参', '黄芪', '当归', '续断', '黄芩', '白术', '川芎', '白芍', '熟地黄', '砂仁', '炙甘草', '糯米撮']"
乌鸡丸,"['净乌鸡', '地黄', '当归', '人参', '鹿角胶', '白芍', '香附', '山药', '丹参', '鳖甲', '天门冬', '川芎', '芡实', '桑螵蛸', '煅牡蛎', '鹿角霜', '黄芪', '甘草', '银柴胡']"
薯蓣丸,"['薯蓣', '当归', '桂枝', '神曲', '干地黄', '大豆黄卷', '甘草', '人参', '阿胶)', '川芎', '白芍', '白术', '麦门冬', '防风', '杏仁', '柴胡', '桔梗', '茯苓', '干姜', '白蔹', '大枣百']"
首乌延寿丹,"['何首乌', '豨莶草', '菟丝子', '杜仲', '牛膝', '女贞子', '霜桑叶', '忍冬藤', '生地黄', '桑椹膏', '黑芝麻膏', '金樱子膏', '旱莲草膏']"
圣愈汤,"['生地黄', '熟地黄', '川芎', '人参', '白芍', '当归身', '黄芪']"
当归补血汤,"['黄芪', '当归']"
归脾汤,"['白术', '当归', '白茯苓', '黄芪', '龙眼肉', '远志', '酸枣仁', '木香', '炙甘草', '人参']"
人参养荣汤,"['黄芪', '当归', '炙甘草', '白术', '人参', '白芍药', '熟地黄', '味子', '茯苓远志', '生姜片', '大枣']"
八珍汤,"['人参', '白术', '白茯苓', '当归', '川芎', '白芍药', '熟地黄', '炙甘草']"
十全大补汤,"['当归', '川芎', '白芍', '熟地黄', '人参', '白术', '茯苓', '炙甘草', '黄芪', '肉桂']"
四物汤,"['当归', '川芎', '白芍', '熟地黄']"
何人饮,"['何首乌至', '当归', '人参至', '煨姜片']"
保真汤,"['当归', '生地黄', '白术', '黄芪', '人参', '赤茯苓', '赤芍药', '甘草', '白茯苓', '厚朴', '天门冬', '麦门冬', '白芍药', '知母', '黄柏', '味子', '柴胡', '地骨', '熟地黄']"
三才汤,"['人参', '天门冬', '干地黄']"
肾气丸,"['干地黄', '山药和山茱萸', '泽泻', '茯苓', '牡丹', '桂枝', '炮附子']"
琼玉膏,"['：新罗人参', '生地黄', '白茯苓', '白沙蜜', '：人参', '沉香', '琥珀', '白砂蜜', '白茯苓', '生地黄', '：鲜地黄', '人参', '枸杞', '天门冬', '麦门冬', '白蜜', '白茯芩']"
举元煎,"['人参', '炙黄芪', '炙甘草', '白术']"
参苓白术散,"['莲子肉', '薏苡仁', '缩砂仁', '桔梗令深黄色', '白扁豆姜汁浸', '白茯苓', '人参', '甘草', '白术', '甘草炙', '山药']"
芪附汤,"['炮附子脐', '黄芪盐水', '蜜拌炙']"
调中益气汤,"['黄芪', '人参甘草苍术', '柴胡橘麻', '木香至']"
益气聪明汤,"['黄芪甘草', '人参', '麻葛根', '蔓荆子', '芍药', '黄柏酒制']"
黄芪甘草汤,"['黄芪', '甘草']"
升陷汤,"['生黄芪', '知母', '柴胡', '桔梗']"
地黄饮子,"['熟干地黄', '巴戟天', '山茱萸', '肉苁蓉', '附子', '脐石斛根', '味子', '官桂', '白茯苓', '麦门冬', '远志', '菖蒲']"
麻子仁丸,"['子仁', '芍药', '炙枳实', '大黄', '炙厚朴尺', '杏仁', '别作脂']"
麻黄汤,"['麻黄', '桂枝', '杏仁尖', '甘草炙']"
保和丸,"['山楂', '茯苓', '神曲', '连翘', '莱菔子']"
清胃散,"['生地黄', '当归', '牡丹', '黄连', '夏月倍之']"
麻黄杏仁石膏甘草汤,"['麻黄', '杏仁尖', '甘草炙', '石膏碎', '绵裹']"
川芎茶调散,"['川芎', '荆芥梗', '白芷', '羌活', '甘草', '细辛', '防风芦', '薄荷不见火']"
固冲汤,"['白术', '生黄芪', '龙骨煅捣细', '牡蛎煅捣细', '山萸肉净核', '生杭芍', '海螵蛸捣细', '茜草', '棕边炭', '倍子', '轧细', '药汁送服', '功用鉴别本与归脾汤均治脾虚气不摄血之崩漏下血', '但归脾汤是由健脾与养安神药配伍', '以补为主', '所治者为脾虚', '脾不统血之崩漏下血', '本是由健脾与收涩药配伍', '以涩为主', '所治者为脾气虚弱', '冲脉不固之崩漏下血']"
加减葳蕤汤,['生葳蕤至生葱白至桔梗至东白薇至淡豆豉至苏薄荷至炙甘草红枣']
健脾丸,"['白术', '木香另研', '黄连酒', '甘草', '白茯苓', '人参', '神曲', '砂仁', '麦芽取', '山楂取肉', '山药', '肉豆蔻', '裹煨热', '纸包捶油']"
半夏泻心汤,"['黄芩', '干姜', '人参', '黄连', '大枣', '甘草']"
牡蛎散,"['黄芪苗土', '煅牡蛎米泔浸再刷土后火烧通赤', '麻黄根洗']"
清暑益气汤,"['西洋参', '石斛', '麦冬', '黄连', '竹叶', '荷梗', '知母', '甘草', '粳米', '西瓜翠衣']"
芍药汤,"['芍药', '当归', '黄连', '槟榔', '木香', '甘草', '大黄', '黄芩', '官桂']"
苓甘五味姜辛汤,"['茯苓', '甘草', '干姜', '细辛', '味子']"
理中丸,"['人参', '干姜', '甘草炙', '白术']"
清营汤,"['犀角', '生地黄', '玄参', '竹叶', '麦冬', '丹参', '黄连', '银花', '连翘', '连用']"
龙胆泻肝汤,"['龙胆草', '黄芩', '栀子', '泽泻', '木通', '车前子', '当归', '酒洗', '柴胡', '生地黄', '生甘草']"
大黄附子汤,"['大黄', '附子炮', '细辛']"
瓜蒌薤白白酒汤,['瓜蒌实薤白白酒']
柴胡疏肝散,"['陈醋', '柴胡', '川芎', '香附', '枳壳麸', '芍药', '甘草炙']"
生化汤,"['全当归', '川芎', '桃仁尖', '干姜炮黑', '甘草炙']"
桑菊饮,"['桑叶', '菊花', '杏仁', '桔梗', '甘草生', '薄荷', '连翘', '苇根']"
六一散,"['滑石', '甘草']"
苓桂术甘汤,"['茯苓桂枝', '白术甘草炙']"
大柴胡汤,"['柴胡黄芩芍药夏', '洗生姜', '大枣', '擘枳实', '炙大黄']"
独活寄生汤,"['独活', '桑寄生', '杜仲', '牛膝', '细辛', '秦艽', '茯苓', '肉桂', '防风', '川芎', '人参', '甘草', '当归', '芍药', '干地黄']"
当归四逆汤,"['当归', '桂枝', '芍药', '细辛', '甘草', '通草', '大枣']"
三仁汤,"['杏仁', '飞滑石', '白通草', '白蔻仁', '竹叶', '厚朴', '生薏苡仁']"
平胃散,"['苍术', '捣为粗末', '黄色', '厚朴', '涂生姜汁', '炙令香熟', '陈橘洗令净', '甘草炙黄']"
补阳还五汤,"['黄芪生', '当归尾赤芍地龙川芎桃仁红花']"
藿香正气散,"['大腹', '白芷', '紫苏', '茯苓', '夏曲', '白术', '陈白', '厚朴', '姜汁炙', '苦桔梗', '藿香土', '甘草炙']"
大定风珠,"['生白芍', '阿胶', '生龟甲', '干地黄', '麻仁', '味子', '生牡蛎', '麦冬连', '炙甘草', '鸡子黄生', '鳖甲生']"
葛根芩连汤,"['葛根', '炙甘草', '黄芩', '黄连']"
二陈汤,"['夏汤洗次', '橘红', '白茯苓', '甘草炙']"
青蒿鳖甲汤,"['青蒿', '鳖甲', '细生地', '知母']"
导赤散,"['生地黄', '木通', '生甘草梢']"
防己黄芪汤,"['防己', '黄芪芦', '甘草', '白术']"
普济消毒饮,"['黄芩', '黄连', '甘草', '玄参', '柴胡', '桔梗', '连翘', '板蓝根', '马勃', '牛蒡子', '薄荷', '僵蚕']"
黄土汤,"['甘草', '干地黄', '白术炮附子', '阿胶', '黄芩', '灶土']"
凉膈散,"['川大黄朴硝甘草炙', '山栀子仁薄荷梗黄芩', '连翘']"
麦门冬汤,"['麦门冬', '人参', '甘草', '粳米合', '大枣']"
黄连解毒汤,"['黄连', '黄芩', '黄柏', '栀子']"
半夏厚朴汤,"['厚朴', '茯苓', '生姜', '苏叶']"
九味羌活汤,"['羌活', '防风', '苍术', '细辛', '川芎', '白芷', '生地黄', '黄芩', '甘草']"
半夏白术天麻汤,['夏天麻茯苓橘红白术甘草']
百合固金汤,['百合熟地黄生地黄当归身白芍甘草桔梗玄参贝母麦冬']
白头翁汤,"['白头翁', '黄柏', '黄连']"
安宫牛黄丸,"['牛黄', '郁金', '犀角', '黄连', '黄芩', '山栀', '朱砂', '雄黄', '梅片', '麝香', '珍珠', '金箔衣']"
八正散,"['车前子', '瞿麦', '扁蓄', '滑石', '山栀子仁', '甘草炙', '木通', '大黄裹煨']"
吴茱萸汤,"['吴茱萸', '洗人参大枣', '擘生姜']"
大黄牡丹汤,['大黄牡丹桃仁冬瓜子芒硝合']
苇茎汤,"['苇茎', '水斗', '滓薏苡仁瓜瓣桃仁']"
十枣汤,['芫花熬甘遂大戟']
十灰散,['大蓟小蓟荷叶侧柏叶茅根茜根山栀大黄牡丹棕榈']
苏子降气汤,"['紫苏子夏汤洗次', '川当归芦', '甘草炙', '前胡芦厚朴', '姜汁拌', '肉桂']"
苏合香丸,"['苏合香龙脑麝香安息香用无灰酒熬膏青木香香附白檀香丁香沉香荜茇熏陆香制', '白术诃黎勒煨朱砂乌犀屑']"
四逆散,"['甘草炙枳实破', '水渍', '炙干柴胡芍药']"
犀角地黄汤,['犀角生地黄芍药牡丹']
痛泻要方,"['白术', '白芍药', '防风']"
天王补心丹,"['生地黄酒洗', '人参芦丹参微玄参微白茯苓远志', '桔梗味子当归身酒洗天门冬麦门冬柏子仁酸枣仁']"
天麻钩藤饮,"['天麻钩藤石决明栀子黄芩川牛膝杜仲益母革桑寄生夜交藤朱茯神知识拓展本诞生于世纪年代', '为高血压头痛而设', '其创制者在学术上力主中西医汇通结合', '提出：“在不违背中医学术辨证论治的基础上', '逐步地和现代的基础医学和临床医学知识联系起来', '丰富中医学的内容', '提高它的理论和技术水平', '更好地发挥中医学的特点”', '在制中：以中医理论为指导', '认为高血压头痛病因多为肝火厥逆', '上攻头脑所致', '故在选药上', '多以平肝息风药天麻', '钩藤与清肝降火药黄芩', '栀子相伍', '将中所选的中药与现代药理作用相结合', '中之黄芩', '杜仲', '益母草', '桑寄生均有降压作用', '且西医在治疗高血压病的过程中', '常用利尿剂和扩血管药物', '中之牛膝', '益母草均有良好的扩血管及利尿作用', '提高了剂配伍的针对性', '有效性', '融合中', '西医理论本']"
五苓散,"['猪苓', '泽泻白术茯苓桂枝']"
 仙方活命饮,['白芷贝母防风赤芍当归尾甘草皂角刺穿山甲炙天花粉乳香没药金银花陈']
